Date,date,date,price,info
01.01.2005,Jan-05,2005,#N/A,0
02.01.2005,Jan-05,2005,#N/A,1
03.01.2005,Jan-05,2005,#N/A,
04.01.2005,Jan-05,2005,#N/A,
05.01.2005,Jan-05,2005,#N/A,
06.01.2005,Jan-05,2005,#N/A,
07.01.2005,Jan-05,2005,#N/A,
08.01.2005,Jan-05,2005,#N/A,
09.01.2005,Jan-05,2005,#N/A,
10.01.2005,Jan-05,2005,#N/A,
11.01.2005,Jan-05,2005,#N/A,
12.01.2005,Jan-05,2005,#N/A,
13.01.2005,Jan-05,2005,#N/A,
14.01.2005,Jan-05,2005,#N/A,
15.01.2005,Jan-05,2005,#N/A,
16.01.2005,Jan-05,2005,#N/A,
17.01.2005,Jan-05,2005,#N/A,
18.01.2005,Jan-05,2005,#N/A,
19.01.2005,Jan-05,2005,#N/A,
20.01.2005,Jan-05,2005,#N/A,
21.01.2005,Jan-05,2005,#N/A,
22.01.2005,Jan-05,2005,#N/A,
23.01.2005,Jan-05,2005,#N/A,
24.01.2005,Jan-05,2005,#N/A,
25.01.2005,Jan-05,2005,#N/A,
26.01.2005,Jan-05,2005,#N/A,
27.01.2005,Jan-05,2005,#N/A,
28.01.2005,Jan-05,2005,#N/A,
29.01.2005,Jan-05,2005,#N/A,
30.01.2005,Jan-05,2005,#N/A,
31.01.2005,Jan-05,2005,#N/A,
01.02.2005,Feb-05,2005,#N/A,
02.02.2005,Feb-05,2005,#N/A,
03.02.2005,Feb-05,2005,#N/A,
04.02.2005,Feb-05,2005,#N/A,
05.02.2005,Feb-05,2005,#N/A,
06.02.2005,Feb-05,2005,#N/A,
07.02.2005,Feb-05,2005,#N/A,
08.02.2005,Feb-05,2005,#N/A,
09.02.2005,Feb-05,2005,#N/A,
10.02.2005,Feb-05,2005,#N/A,
11.02.2005,Feb-05,2005,#N/A,
12.02.2005,Feb-05,2005,#N/A,
13.02.2005,Feb-05,2005,#N/A,
14.02.2005,Feb-05,2005,#N/A,
15.02.2005,Feb-05,2005,#N/A,
16.02.2005,Feb-05,2005,#N/A,
17.02.2005,Feb-05,2005,#N/A,
18.02.2005,Feb-05,2005,#N/A,
19.02.2005,Feb-05,2005,#N/A,
20.02.2005,Feb-05,2005,#N/A,
21.02.2005,Feb-05,2005,#N/A,
22.02.2005,Feb-05,2005,#N/A,
23.02.2005,Feb-05,2005,#N/A,
24.02.2005,Feb-05,2005,#N/A,
25.02.2005,Feb-05,2005,#N/A,
26.02.2005,Feb-05,2005,#N/A,
27.02.2005,Feb-05,2005,#N/A,
28.02.2005,Feb-05,2005,#N/A,
01.03.2005,Mar-05,2005,#N/A,
02.03.2005,Mar-05,2005,#N/A,
03.03.2005,Mar-05,2005,#N/A,
04.03.2005,Mar-05,2005,#N/A,
05.03.2005,Mar-05,2005,#N/A,
06.03.2005,Mar-05,2005,#N/A,
07.03.2005,Mar-05,2005,#N/A,
08.03.2005,Mar-05,2005,#N/A,
09.03.2005,Mar-05,2005,10.4,
10.03.2005,Mar-05,2005,11.12,
11.03.2005,Mar-05,2005,#N/A,
12.03.2005,Mar-05,2005,#N/A,
13.03.2005,Mar-05,2005,#N/A,
14.03.2005,Mar-05,2005,#N/A,
15.03.2005,Mar-05,2005,10.6,
16.03.2005,Mar-05,2005,10.76,
17.03.2005,Mar-05,2005,#N/A,
18.03.2005,Mar-05,2005,11.45,
19.03.2005,Mar-05,2005,#N/A,
20.03.2005,Mar-05,2005,#N/A,
21.03.2005,Mar-05,2005,13.45,
22.03.2005,Mar-05,2005,14.32,
23.03.2005,Mar-05,2005,#N/A,
24.03.2005,Mar-05,2005,#N/A,
25.03.2005,Mar-05,2005,#N/A,
26.03.2005,Mar-05,2005,#N/A,
27.03.2005,Mar-05,2005,#N/A,
28.03.2005,Mar-05,2005,#N/A,
29.03.2005,Mar-05,2005,13.45,
30.03.2005,Mar-05,2005,#N/A,
31.03.2005,Mar-05,2005,14.25,
01.04.2005,Apr-05,2005,14.7,
02.04.2005,Apr-05,2005,#N/A,
03.04.2005,Apr-05,2005,#N/A,
04.04.2005,Apr-05,2005,16.95,
05.04.2005,Apr-05,2005,16.4,
06.04.2005,Apr-05,2005,14.65,
07.04.2005,Apr-05,2005,15.05,
08.04.2005,Apr-05,2005,14.2,
09.04.2005,Apr-05,2005,#N/A,
10.04.2005,Apr-05,2005,#N/A,
11.04.2005,Apr-05,2005,13.5,
12.04.2005,Apr-05,2005,15.5,
13.04.2005,Apr-05,2005,15.15,
14.04.2005,Apr-05,2005,15.74,
15.04.2005,Apr-05,2005,15.62,
16.04.2005,Apr-05,2005,#N/A,
17.04.2005,Apr-05,2005,#N/A,
18.04.2005,Apr-05,2005,15.65,
19.04.2005,Apr-05,2005,16.35,
20.04.2005,Apr-05,2005,17.7,
21.04.2005,Apr-05,2005,17.5,
22.04.2005,Apr-05,2005,16.9,
23.04.2005,Apr-05,2005,#N/A,
24.04.2005,Apr-05,2005,#N/A,
25.04.2005,Apr-05,2005,16.66,
26.04.2005,Apr-05,2005,16.81,
27.04.2005,Apr-05,2005,16.23,
28.04.2005,Apr-05,2005,15.9,
29.04.2005,Apr-05,2005,16,
30.04.2005,Apr-05,2005,#N/A,
01.05.2005,May-05,2005,#N/A,
02.05.2005,May-05,2005,15.32,
03.05.2005,May-05,2005,16,
04.05.2005,May-05,2005,15.85,
05.05.2005,May-05,2005,#N/A,
06.05.2005,May-05,2005,16.05,
07.05.2005,May-05,2005,#N/A,
08.05.2005,May-05,2005,#N/A,
09.05.2005,May-05,2005,#N/A,
10.05.2005,May-05,2005,17.05,
11.05.2005,May-05,2005,16.05,
12.05.2005,May-05,2005,16,
13.05.2005,May-05,2005,16,
14.05.2005,May-05,2005,#N/A,
15.05.2005,May-05,2005,#N/A,
16.05.2005,May-05,2005,#N/A,
17.05.2005,May-05,2005,17.02,
18.05.2005,May-05,2005,16.81,
19.05.2005,May-05,2005,17.43,
20.05.2005,May-05,2005,18.15,
21.05.2005,May-05,2005,#N/A,
22.05.2005,May-05,2005,#N/A,
23.05.2005,May-05,2005,18.5,
24.05.2005,May-05,2005,#N/A,
25.05.2005,May-05,2005,#N/A,
26.05.2005,May-05,2005,19.94,
27.05.2005,May-05,2005,19.69,
28.05.2005,May-05,2005,#N/A,
29.05.2005,May-05,2005,#N/A,
30.05.2005,May-05,2005,19.06,
31.05.2005,May-05,2005,19.55,
01.06.2005,Jun-05,2005,19.32,
02.06.2005,Jun-05,2005,#N/A,
03.06.2005,Jun-05,2005,#N/A,
04.06.2005,Jun-05,2005,#N/A,
05.06.2005,Jun-05,2005,#N/A,
06.06.2005,Jun-05,2005,18.91,
07.06.2005,Jun-05,2005,19.02,
08.06.2005,Jun-05,2005,19.21,
09.06.2005,Jun-05,2005,19.27,
10.06.2005,Jun-05,2005,19.21,
11.06.2005,Jun-05,2005,#N/A,
12.06.2005,Jun-05,2005,#N/A,
13.06.2005,Jun-05,2005,19.35,
14.06.2005,Jun-05,2005,19.4,
15.06.2005,Jun-05,2005,19.45,
16.06.2005,Jun-05,2005,19.25,
17.06.2005,Jun-05,2005,20.4,
18.06.2005,Jun-05,2005,#N/A,
19.06.2005,Jun-05,2005,#N/A,
20.06.2005,Jun-05,2005,22,
21.06.2005,Jun-05,2005,22.8,
22.06.2005,Jun-05,2005,22.95,
23.06.2005,Jun-05,2005,22.85,
24.06.2005,Jun-05,2005,23.02,
25.06.2005,Jun-05,2005,#N/A,
26.06.2005,Jun-05,2005,#N/A,
27.06.2005,Jun-05,2005,23.15,
28.06.2005,Jun-05,2005,23.85,
29.06.2005,Jun-05,2005,24.1,
30.06.2005,Jun-05,2005,25.3,
01.07.2005,Jul-05,2005,25.76,
02.07.2005,Jul-05,2005,#N/A,
03.07.2005,Jul-05,2005,#N/A,
04.07.2005,Jul-05,2005,27.84,
05.07.2005,Jul-05,2005,28.66,
06.07.2005,Jul-05,2005,28.72,
07.07.2005,Jul-05,2005,29.03,
08.07.2005,Jul-05,2005,28.81,
09.07.2005,Jul-05,2005,#N/A,
10.07.2005,Jul-05,2005,#N/A,
11.07.2005,Jul-05,2005,29,
12.07.2005,Jul-05,2005,28.8,
13.07.2005,Jul-05,2005,28.65,
14.07.2005,Jul-05,2005,25.55,
15.07.2005,Jul-05,2005,#N/A,
16.07.2005,Jul-05,2005,#N/A,
17.07.2005,Jul-05,2005,#N/A,
18.07.2005,Jul-05,2005,23.94,
19.07.2005,Jul-05,2005,23.91,
20.07.2005,Jul-05,2005,23.1,
21.07.2005,Jul-05,2005,21,
22.07.2005,Jul-05,2005,18,
23.07.2005,Jul-05,2005,#N/A,
24.07.2005,Jul-05,2005,#N/A,
25.07.2005,Jul-05,2005,19.5,
26.07.2005,Jul-05,2005,20.01,
27.07.2005,Jul-05,2005,20.9,
28.07.2005,Jul-05,2005,21.35,
29.07.2005,Jul-05,2005,22,
30.07.2005,Jul-05,2005,#N/A,
31.07.2005,Jul-05,2005,#N/A,
01.08.2005,Aug-05,2005,22.02,
02.08.2005,Aug-05,2005,21.2,
03.08.2005,Aug-05,2005,20.54,
04.08.2005,Aug-05,2005,19.91,
05.08.2005,Aug-05,2005,20.8,
06.08.2005,Aug-05,2005,#N/A,
07.08.2005,Aug-05,2005,#N/A,
08.08.2005,Aug-05,2005,21.48,
09.08.2005,Aug-05,2005,21.99,
10.08.2005,Aug-05,2005,21.9,
11.08.2005,Aug-05,2005,22.43,
12.08.2005,Aug-05,2005,22.33,
13.08.2005,Aug-05,2005,#N/A,
14.08.2005,Aug-05,2005,#N/A,
15.08.2005,Aug-05,2005,21.95,
16.08.2005,Aug-05,2005,21.92,
17.08.2005,Aug-05,2005,22.4,
18.08.2005,Aug-05,2005,22.26,
19.08.2005,Aug-05,2005,22.43,
20.08.2005,Aug-05,2005,#N/A,
21.08.2005,Aug-05,2005,#N/A,
22.08.2005,Aug-05,2005,22.65,
23.08.2005,Aug-05,2005,22.56,
24.08.2005,Aug-05,2005,22.69,
25.08.2005,Aug-05,2005,22.98,
26.08.2005,Aug-05,2005,23.08,
27.08.2005,Aug-05,2005,#N/A,
28.08.2005,Aug-05,2005,#N/A,
29.08.2005,Aug-05,2005,23.3,
30.08.2005,Aug-05,2005,23.2,
31.08.2005,Aug-05,2005,23.53,
01.09.2005,Sep-05,2005,24.2,
02.09.2005,Sep-05,2005,24.4,
03.09.2005,Sep-05,2005,#N/A,
04.09.2005,Sep-05,2005,#N/A,
05.09.2005,Sep-05,2005,24.35,
06.09.2005,Sep-05,2005,24.32,
07.09.2005,Sep-05,2005,24.35,
08.09.2005,Sep-05,2005,23.98,
09.09.2005,Sep-05,2005,23.6,
10.09.2005,Sep-05,2005,#N/A,
11.09.2005,Sep-05,2005,#N/A,
12.09.2005,Sep-05,2005,22.25,
13.09.2005,Sep-05,2005,21.55,
14.09.2005,Sep-05,2005,22.35,
15.09.2005,Sep-05,2005,22.55,
16.09.2005,Sep-05,2005,21.9,
17.09.2005,Sep-05,2005,#N/A,
18.09.2005,Sep-05,2005,#N/A,
19.09.2005,Sep-05,2005,22.13,
20.09.2005,Sep-05,2005,22,
21.09.2005,Sep-05,2005,21.98,
22.09.2005,Sep-05,2005,22.2,
23.09.2005,Sep-05,2005,22,
24.09.2005,Sep-05,2005,#N/A,
25.09.2005,Sep-05,2005,#N/A,
26.09.2005,Sep-05,2005,21.45,
27.09.2005,Sep-05,2005,22.03,
28.09.2005,Sep-05,2005,22.65,
29.09.2005,Sep-05,2005,22.8,
30.09.2005,Sep-05,2005,22.7,
01.10.2005,Oct-05,2005,#N/A,
02.10.2005,Oct-05,2005,#N/A,
03.10.2005,Oct-05,2005,#N/A,
04.10.2005,Oct-05,2005,23.24,
05.10.2005,Oct-05,2005,23.95,
06.10.2005,Oct-05,2005,23.68,
07.10.2005,Oct-05,2005,23.1,
08.10.2005,Oct-05,2005,#N/A,
09.10.2005,Oct-05,2005,#N/A,
10.10.2005,Oct-05,2005,23.1,
11.10.2005,Oct-05,2005,23.15,
12.10.2005,Oct-05,2005,23.43,
13.10.2005,Oct-05,2005,23.43,
14.10.2005,Oct-05,2005,23.1,
15.10.2005,Oct-05,2005,#N/A,
16.10.2005,Oct-05,2005,#N/A,
17.10.2005,Oct-05,2005,23.1,
18.10.2005,Oct-05,2005,22.78,
19.10.2005,Oct-05,2005,22.45,
20.10.2005,Oct-05,2005,22.18,
21.10.2005,Oct-05,2005,21.8,
22.10.2005,Oct-05,2005,#N/A,
23.10.2005,Oct-05,2005,#N/A,
24.10.2005,Oct-05,2005,21.43,
25.10.2005,Oct-05,2005,21.43,
26.10.2005,Oct-05,2005,21.7,
27.10.2005,Oct-05,2005,21.77,
28.10.2005,Oct-05,2005,22.06,
29.10.2005,Oct-05,2005,#N/A,
30.10.2005,Oct-05,2005,#N/A,
31.10.2005,Oct-05,2005,22.13,
01.11.2005,Nov-05,2005,21.85,
02.11.2005,Nov-05,2005,21.5,
03.11.2005,Nov-05,2005,21.28,
04.11.2005,Nov-05,2005,21.43,
05.11.2005,Nov-05,2005,#N/A,
06.11.2005,Nov-05,2005,#N/A,
07.11.2005,Nov-05,2005,21.62,
08.11.2005,Nov-05,2005,22.08,
09.11.2005,Nov-05,2005,22.55,
10.11.2005,Nov-05,2005,22.68,
11.11.2005,Nov-05,2005,22.67,
12.11.2005,Nov-05,2005,#N/A,
13.11.2005,Nov-05,2005,#N/A,
14.11.2005,Nov-05,2005,23.15,
15.11.2005,Nov-05,2005,22.88,
16.11.2005,Nov-05,2005,22.67,
17.11.2005,Nov-05,2005,22.53,
18.11.2005,Nov-05,2005,21.78,
19.11.2005,Nov-05,2005,#N/A,
20.11.2005,Nov-05,2005,#N/A,
21.11.2005,Nov-05,2005,21.58,
22.11.2005,Nov-05,2005,21.99,
23.11.2005,Nov-05,2005,21.35,
24.11.2005,Nov-05,2005,19.7,
25.11.2005,Nov-05,2005,20.14,
26.11.2005,Nov-05,2005,#N/A,
27.11.2005,Nov-05,2005,#N/A,
28.11.2005,Nov-05,2005,20.07,
29.11.2005,Nov-05,2005,19.63,
30.11.2005,Nov-05,2005,19.75,
01.12.2005,Dec-05,2005,20.07,
02.12.2005,Dec-05,2005,21.25,
03.12.2005,Dec-05,2005,#N/A,
04.12.2005,Dec-05,2005,#N/A,
05.12.2005,Dec-05,2005,22,
06.12.2005,Dec-05,2005,22.1,
07.12.2005,Dec-05,2005,21.9,
08.12.2005,Dec-05,2005,21.18,
09.12.2005,Dec-05,2005,20.63,
10.12.2005,Dec-05,2005,#N/A,
11.12.2005,Dec-05,2005,#N/A,
12.12.2005,Dec-05,2005,21.3,
13.12.2005,Dec-05,2005,21.7,
14.12.2005,Dec-05,2005,21.35,
15.12.2005,Dec-05,2005,21.47,
16.12.2005,Dec-05,2005,21.18,
17.12.2005,Dec-05,2005,#N/A,
18.12.2005,Dec-05,2005,#N/A,
19.12.2005,Dec-05,2005,21.2,
20.12.2005,Dec-05,2005,20.93,
21.12.2005,Dec-05,2005,20.65,
22.12.2005,Dec-05,2005,20.58,
23.12.2005,Dec-05,2005,20.7,
24.12.2005,Dec-05,2005,#N/A,
25.12.2005,Dec-05,2005,#N/A,
26.12.2005,Dec-05,2005,#N/A,
27.12.2005,Dec-05,2005,20.78,
28.12.2005,Dec-05,2005,20.98,
29.12.2005,Dec-05,2005,21.1,
30.12.2005,Dec-05,2005,21.15,
31.12.2005,Dec-05,2005,#N/A,
01.01.2006,Jan-06,2006,#N/A,
02.01.2006,Jan-06,2006,22.33,
03.01.2006,Jan-06,2006,21.75,
04.01.2006,Jan-06,2006,22,
05.01.2006,Jan-06,2006,22.42,
06.01.2006,Jan-06,2006,22.98,
07.01.2006,Jan-06,2006,#N/A,
08.01.2006,Jan-06,2006,#N/A,
09.01.2006,Jan-06,2006,22.62,
10.01.2006,Jan-06,2006,22.59,
11.01.2006,Jan-06,2006,22.8,
12.01.2006,Jan-06,2006,22.8,
13.01.2006,Jan-06,2006,22.83,
14.01.2006,Jan-06,2006,#N/A,
15.01.2006,Jan-06,2006,#N/A,
16.01.2006,Jan-06,2006,22.77,
17.01.2006,Jan-06,2006,23.86,
18.01.2006,Jan-06,2006,24.83,
19.01.2006,Jan-06,2006,24.88,
20.01.2006,Jan-06,2006,26.23,
21.01.2006,Jan-06,2006,#N/A,
22.01.2006,Jan-06,2006,#N/A,
23.01.2006,Jan-06,2006,25.37,
24.01.2006,Jan-06,2006,24.78,
25.01.2006,Jan-06,2006,25.14,
26.01.2006,Jan-06,2006,25.94,
27.01.2006,Jan-06,2006,25.35,
28.01.2006,Jan-06,2006,#N/A,
29.01.2006,Jan-06,2006,#N/A,
30.01.2006,Jan-06,2006,25.92,
31.01.2006,Jan-06,2006,25.95,
01.02.2006,Feb-06,2006,26.25,
02.02.2006,Feb-06,2006,26.9,
03.02.2006,Feb-06,2006,27.22,
04.02.2006,Feb-06,2006,#N/A,
05.02.2006,Feb-06,2006,#N/A,
06.02.2006,Feb-06,2006,26.96,
07.02.2006,Feb-06,2006,25.9,
08.02.2006,Feb-06,2006,25.4,
09.02.2006,Feb-06,2006,25.77,
10.02.2006,Feb-06,2006,26.01,
11.02.2006,Feb-06,2006,#N/A,
12.02.2006,Feb-06,2006,#N/A,
13.02.2006,Feb-06,2006,25.59,
14.02.2006,Feb-06,2006,25.68,
15.02.2006,Feb-06,2006,26.02,
16.02.2006,Feb-06,2006,26.18,
17.02.2006,Feb-06,2006,26.18,
18.02.2006,Feb-06,2006,#N/A,
19.02.2006,Feb-06,2006,#N/A,
20.02.2006,Feb-06,2006,26.52,
21.02.2006,Feb-06,2006,26.67,
22.02.2006,Feb-06,2006,26.84,
23.02.2006,Feb-06,2006,26.1,
24.02.2006,Feb-06,2006,26.19,
25.02.2006,Feb-06,2006,#N/A,
26.02.2006,Feb-06,2006,#N/A,
27.02.2006,Feb-06,2006,25.9,
28.02.2006,Feb-06,2006,25.7,
01.03.2006,Mar-06,2006,26.23,
02.03.2006,Mar-06,2006,26.54,
03.03.2006,Mar-06,2006,26.6,
04.03.2006,Mar-06,2006,#N/A,
05.03.2006,Mar-06,2006,#N/A,
06.03.2006,Mar-06,2006,26.53,
07.03.2006,Mar-06,2006,26.1,
08.03.2006,Mar-06,2006,26.27,
09.03.2006,Mar-06,2006,26.18,
10.03.2006,Mar-06,2006,26.33,
11.03.2006,Mar-06,2006,#N/A,
12.03.2006,Mar-06,2006,#N/A,
13.03.2006,Mar-06,2006,26.75,
14.03.2006,Mar-06,2006,26.61,
15.03.2006,Mar-06,2006,26.43,
16.03.2006,Mar-06,2006,26.14,
17.03.2006,Mar-06,2006,26.3,
18.03.2006,Mar-06,2006,#N/A,
19.03.2006,Mar-06,2006,#N/A,
20.03.2006,Mar-06,2006,26.49,
21.03.2006,Mar-06,2006,26.55,
22.03.2006,Mar-06,2006,26.5,
23.03.2006,Mar-06,2006,26.53,
24.03.2006,Mar-06,2006,26.4,
25.03.2006,Mar-06,2006,#N/A,
26.03.2006,Mar-06,2006,#N/A,
27.03.2006,Mar-06,2006,26.15,
28.03.2006,Mar-06,2006,26.31,
29.03.2006,Mar-06,2006,26.54,
30.03.2006,Mar-06,2006,26.69,
31.03.2006,Mar-06,2006,26.69,
01.04.2006,Apr-06,2006,#N/A,
02.04.2006,Apr-06,2006,#N/A,
03.04.2006,Apr-06,2006,26.73,
04.04.2006,Apr-06,2006,26.94,
05.04.2006,Apr-06,2006,27.85,
06.04.2006,Apr-06,2006,28.43,
07.04.2006,Apr-06,2006,28.24,
08.04.2006,Apr-06,2006,#N/A,
09.04.2006,Apr-06,2006,#N/A,
10.04.2006,Apr-06,2006,28.4,
11.04.2006,Apr-06,2006,28.75,
12.04.2006,Apr-06,2006,28.77,
13.04.2006,Apr-06,2006,28.63,
14.04.2006,Apr-06,2006,#N/A,
15.04.2006,Apr-06,2006,#N/A,
16.04.2006,Apr-06,2006,#N/A,
17.04.2006,Apr-06,2006,#N/A,
18.04.2006,Apr-06,2006,29.78,
19.04.2006,Apr-06,2006,29.7,
20.04.2006,Apr-06,2006,29.43,
21.04.2006,Apr-06,2006,28.95,
22.04.2006,Apr-06,2006,#N/A,
23.04.2006,Apr-06,2006,#N/A,
24.04.2006,Apr-06,2006,29.37,
25.04.2006,Apr-06,2006,26.9,
26.04.2006,Apr-06,2006,21.5,
27.04.2006,Apr-06,2006,16.23,
28.04.2006,Apr-06,2006,13.38,
29.04.2006,Apr-06,2006,#N/A,
30.04.2006,Apr-06,2006,#N/A,
01.05.2006,May-06,2006,#N/A,
02.05.2006,May-06,2006,10.96,
03.05.2006,May-06,2006,11.96,
04.05.2006,May-06,2006,14.22,
05.05.2006,May-06,2006,12.73,
06.05.2006,May-06,2006,#N/A,
07.05.2006,May-06,2006,#N/A,
08.05.2006,May-06,2006,11.92,
09.05.2006,May-06,2006,12,
10.05.2006,May-06,2006,13.03,
11.05.2006,May-06,2006,12.65,
12.05.2006,May-06,2006,9.13,
13.05.2006,May-06,2006,#N/A,
14.05.2006,May-06,2006,#N/A,
15.05.2006,May-06,2006,14.95,
16.05.2006,May-06,2006,16.33,
17.05.2006,May-06,2006,15.5,
18.05.2006,May-06,2006,15.48,
19.05.2006,May-06,2006,16.01,
20.05.2006,May-06,2006,#N/A,
21.05.2006,May-06,2006,#N/A,
22.05.2006,May-06,2006,17.86,
23.05.2006,May-06,2006,19.16,
24.05.2006,May-06,2006,18.73,
25.05.2006,May-06,2006,#N/A,
26.05.2006,May-06,2006,18.6,
27.05.2006,May-06,2006,#N/A,
28.05.2006,May-06,2006,#N/A,
29.05.2006,May-06,2006,18.35,
30.05.2006,May-06,2006,17.43,
31.05.2006,May-06,2006,16.48,
01.06.2006,Jun-06,2006,15.95,
02.06.2006,Jun-06,2006,15.88,
03.06.2006,Jun-06,2006,#N/A,
04.06.2006,Jun-06,2006,#N/A,
05.06.2006,Jun-06,2006,#N/A,
06.06.2006,Jun-06,2006,15.53,
07.06.2006,Jun-06,2006,14.65,
08.06.2006,Jun-06,2006,14.11,
09.06.2006,Jun-06,2006,13.8,
10.06.2006,Jun-06,2006,#N/A,
11.06.2006,Jun-06,2006,#N/A,
12.06.2006,Jun-06,2006,14.75,
13.06.2006,Jun-06,2006,14.8,
14.06.2006,Jun-06,2006,14.53,
15.06.2006,Jun-06,2006,14.57,
16.06.2006,Jun-06,2006,14.7,
17.06.2006,Jun-06,2006,#N/A,
18.06.2006,Jun-06,2006,#N/A,
19.06.2006,Jun-06,2006,14.9,
20.06.2006,Jun-06,2006,15.5,
21.06.2006,Jun-06,2006,15.09,
22.06.2006,Jun-06,2006,15.28,
23.06.2006,Jun-06,2006,15.13,
24.06.2006,Jun-06,2006,#N/A,
25.06.2006,Jun-06,2006,#N/A,
26.06.2006,Jun-06,2006,14.67,
27.06.2006,Jun-06,2006,14.9,
28.06.2006,Jun-06,2006,15.23,
29.06.2006,Jun-06,2006,15.57,
30.06.2006,Jun-06,2006,15.68,
01.07.2006,Jul-06,2006,#N/A,
02.07.2006,Jul-06,2006,#N/A,
03.07.2006,Jul-06,2006,15.88,
04.07.2006,Jul-06,2006,15.81,
05.07.2006,Jul-06,2006,15.78,
06.07.2006,Jul-06,2006,16.05,
07.07.2006,Jul-06,2006,15.98,
08.07.2006,Jul-06,2006,#N/A,
09.07.2006,Jul-06,2006,#N/A,
10.07.2006,Jul-06,2006,16.04,
11.07.2006,Jul-06,2006,16.19,
12.07.2006,Jul-06,2006,16.23,
13.07.2006,Jul-06,2006,16.25,
14.07.2006,Jul-06,2006,16.4,
15.07.2006,Jul-06,2006,#N/A,
16.07.2006,Jul-06,2006,#N/A,
17.07.2006,Jul-06,2006,17.13,
18.07.2006,Jul-06,2006,16.9,
19.07.2006,Jul-06,2006,16.38,
20.07.2006,Jul-06,2006,16.57,
21.07.2006,Jul-06,2006,16.53,
22.07.2006,Jul-06,2006,#N/A,
23.07.2006,Jul-06,2006,#N/A,
24.07.2006,Jul-06,2006,16.38,
25.07.2006,Jul-06,2006,16.08,
26.07.2006,Jul-06,2006,16.26,
27.07.2006,Jul-06,2006,16.49,
28.07.2006,Jul-06,2006,15.98,
29.07.2006,Jul-06,2006,#N/A,
30.07.2006,Jul-06,2006,#N/A,
31.07.2006,Jul-06,2006,16.02,
01.08.2006,Aug-06,2006,16.23,
02.08.2006,Aug-06,2006,16.29,
03.08.2006,Aug-06,2006,15.97,
04.08.2006,Aug-06,2006,15.17,
05.08.2006,Aug-06,2006,#N/A,
06.08.2006,Aug-06,2006,#N/A,
07.08.2006,Aug-06,2006,15.55,
08.08.2006,Aug-06,2006,15.65,
09.08.2006,Aug-06,2006,15.62,
10.08.2006,Aug-06,2006,15.54,
11.08.2006,Aug-06,2006,15.63,
12.08.2006,Aug-06,2006,#N/A,
13.08.2006,Aug-06,2006,#N/A,
14.08.2006,Aug-06,2006,15.47,
15.08.2006,Aug-06,2006,15.4,
16.08.2006,Aug-06,2006,15.54,
17.08.2006,Aug-06,2006,15.64,
18.08.2006,Aug-06,2006,15.75,
19.08.2006,Aug-06,2006,#N/A,
20.08.2006,Aug-06,2006,#N/A,
21.08.2006,Aug-06,2006,16.4,
22.08.2006,Aug-06,2006,16.72,
23.08.2006,Aug-06,2006,16.58,
24.08.2006,Aug-06,2006,16.17,
25.08.2006,Aug-06,2006,16.1,
26.08.2006,Aug-06,2006,#N/A,
27.08.2006,Aug-06,2006,#N/A,
28.08.2006,Aug-06,2006,16.04,
29.08.2006,Aug-06,2006,15.85,
30.08.2006,Aug-06,2006,15.57,
31.08.2006,Aug-06,2006,15.73,
01.09.2006,Sep-06,2006,15.83,
02.09.2006,Sep-06,2006,#N/A,
03.09.2006,Sep-06,2006,#N/A,
04.09.2006,Sep-06,2006,16.15,
05.09.2006,Sep-06,2006,16.34,
06.09.2006,Sep-06,2006,16.41,
07.09.2006,Sep-06,2006,16.29,
08.09.2006,Sep-06,2006,16.23,
09.09.2006,Sep-06,2006,#N/A,
10.09.2006,Sep-06,2006,#N/A,
11.09.2006,Sep-06,2006,16.05,
12.09.2006,Sep-06,2006,16.17,
13.09.2006,Sep-06,2006,16.1,
14.09.2006,Sep-06,2006,16.14,
15.09.2006,Sep-06,2006,16.15,
16.09.2006,Sep-06,2006,#N/A,
17.09.2006,Sep-06,2006,#N/A,
18.09.2006,Sep-06,2006,16.08,
19.09.2006,Sep-06,2006,15.55,
20.09.2006,Sep-06,2006,13.95,
21.09.2006,Sep-06,2006,13.58,
22.09.2006,Sep-06,2006,13.48,
23.09.2006,Sep-06,2006,#N/A,
24.09.2006,Sep-06,2006,#N/A,
25.09.2006,Sep-06,2006,12.6,
26.09.2006,Sep-06,2006,11.65,
27.09.2006,Sep-06,2006,12,
28.09.2006,Sep-06,2006,12.45,
29.09.2006,Sep-06,2006,12.85,
30.09.2006,Sep-06,2006,#N/A,
01.10.2006,Oct-06,2006,#N/A,
02.10.2006,Oct-06,2006,12.35,
03.10.2006,Oct-06,2006,#N/A,
04.10.2006,Oct-06,2006,11.84,
05.10.2006,Oct-06,2006,12.01,
06.10.2006,Oct-06,2006,11.97,
07.10.2006,Oct-06,2006,#N/A,
08.10.2006,Oct-06,2006,#N/A,
09.10.2006,Oct-06,2006,12.28,
10.10.2006,Oct-06,2006,12.41,
11.10.2006,Oct-06,2006,12.32,
12.10.2006,Oct-06,2006,12.34,
13.10.2006,Oct-06,2006,12.42,
14.10.2006,Oct-06,2006,#N/A,
15.10.2006,Oct-06,2006,#N/A,
16.10.2006,Oct-06,2006,12.36,
17.10.2006,Oct-06,2006,12.67,
18.10.2006,Oct-06,2006,12.77,
19.10.2006,Oct-06,2006,12.78,
20.10.2006,Oct-06,2006,12.72,
21.10.2006,Oct-06,2006,#N/A,
22.10.2006,Oct-06,2006,#N/A,
23.10.2006,Oct-06,2006,12.49,
24.10.2006,Oct-06,2006,12.47,
25.10.2006,Oct-06,2006,11.93,
26.10.2006,Oct-06,2006,12.08,
27.10.2006,Oct-06,2006,11.73,
28.10.2006,Oct-06,2006,#N/A,
29.10.2006,Oct-06,2006,#N/A,
30.10.2006,Oct-06,2006,10.75,
31.10.2006,Oct-06,2006,10.73,
01.11.2006,Nov-06,2006,11.1,
02.11.2006,Nov-06,2006,10.71,
03.11.2006,Nov-06,2006,10.58,
04.11.2006,Nov-06,2006,#N/A,
05.11.2006,Nov-06,2006,#N/A,
06.11.2006,Nov-06,2006,10.33,
07.11.2006,Nov-06,2006,9.38,
08.11.2006,Nov-06,2006,9.45,
09.11.2006,Nov-06,2006,9.49,
10.11.2006,Nov-06,2006,8.64,
11.11.2006,Nov-06,2006,#N/A,
12.11.2006,Nov-06,2006,#N/A,
13.11.2006,Nov-06,2006,8.36,
14.11.2006,Nov-06,2006,9.09,
15.11.2006,Nov-06,2006,9.06,
16.11.2006,Nov-06,2006,8.57,
17.11.2006,Nov-06,2006,8.58,
18.11.2006,Nov-06,2006,#N/A,
19.11.2006,Nov-06,2006,#N/A,
20.11.2006,Nov-06,2006,8.56,
21.11.2006,Nov-06,2006,8.68,
22.11.2006,Nov-06,2006,8.66,
23.11.2006,Nov-06,2006,8.71,
24.11.2006,Nov-06,2006,9.03,
25.11.2006,Nov-06,2006,#N/A,
26.11.2006,Nov-06,2006,#N/A,
27.11.2006,Nov-06,2006,8.9,
28.11.2006,Nov-06,2006,8.57,
29.11.2006,Nov-06,2006,8.08,
30.11.2006,Nov-06,2006,7.87,
01.12.2006,Dec-06,2006,7.33,
02.12.2006,Dec-06,2006,#N/A,
03.12.2006,Dec-06,2006,#N/A,
04.12.2006,Dec-06,2006,6.93,
05.12.2006,Dec-06,2006,6.7,
06.12.2006,Dec-06,2006,7.06,
07.12.2006,Dec-06,2006,7.28,
08.12.2006,Dec-06,2006,7.19,
09.12.2006,Dec-06,2006,#N/A,
10.12.2006,Dec-06,2006,#N/A,
11.12.2006,Dec-06,2006,7.01,
12.12.2006,Dec-06,2006,6.8,
13.12.2006,Dec-06,2006,6.42,
14.12.2006,Dec-06,2006,6.35,
15.12.2006,Dec-06,2006,6.53,
16.12.2006,Dec-06,2006,#N/A,
17.12.2006,Dec-06,2006,#N/A,
18.12.2006,Dec-06,2006,6.52,
19.12.2006,Dec-06,2006,6.54,
20.12.2006,Dec-06,2006,6.54,
21.12.2006,Dec-06,2006,6.62,
22.12.2006,Dec-06,2006,6.85,
23.12.2006,Dec-06,2006,#N/A,
24.12.2006,Dec-06,2006,#N/A,
25.12.2006,Dec-06,2006,#N/A,
26.12.2006,Dec-06,2006,#N/A,
27.12.2006,Dec-06,2006,6.6,
28.12.2006,Dec-06,2006,6.59,
29.12.2006,Dec-06,2006,6.55,
30.12.2006,Dec-06,2006,#N/A,
31.12.2006,Dec-06,2006,#N/A,
01.01.2007,Jan-07,2007,#N/A,
02.01.2007,Jan-07,2007,5.53,
03.01.2007,Jan-07,2007,4.93,
04.01.2007,Jan-07,2007,4.83,
05.01.2007,Jan-07,2007,4.8,
06.01.2007,Jan-07,2007,#N/A,
07.01.2007,Jan-07,2007,#N/A,
08.01.2007,Jan-07,2007,3.87,
09.01.2007,Jan-07,2007,3.54,
10.01.2007,Jan-07,2007,3.81,
11.01.2007,Jan-07,2007,4.03,
12.01.2007,Jan-07,2007,3.99,
13.01.2007,Jan-07,2007,#N/A,
14.01.2007,Jan-07,2007,#N/A,
15.01.2007,Jan-07,2007,4.2,
16.01.2007,Jan-07,2007,4.23,
17.01.2007,Jan-07,2007,4.1,
18.01.2007,Jan-07,2007,3.93,
19.01.2007,Jan-07,2007,3.9,
20.01.2007,Jan-07,2007,#N/A,
21.01.2007,Jan-07,2007,#N/A,
22.01.2007,Jan-07,2007,3.83,
23.01.2007,Jan-07,2007,3.67,
24.01.2007,Jan-07,2007,3.41,
25.01.2007,Jan-07,2007,3.24,
26.01.2007,Jan-07,2007,3,
27.01.2007,Jan-07,2007,#N/A,
28.01.2007,Jan-07,2007,#N/A,
29.01.2007,Jan-07,2007,2.38,
30.01.2007,Jan-07,2007,2.36,
31.01.2007,Jan-07,2007,2.28,
01.02.2007,Feb-07,2007,2.18,
02.02.2007,Feb-07,2007,2.03,
03.02.2007,Feb-07,2007,#N/A,
04.02.2007,Feb-07,2007,#N/A,
05.02.2007,Feb-07,2007,1.73,
06.02.2007,Feb-07,2007,1.4,
07.02.2007,Feb-07,2007,1.33,
08.02.2007,Feb-07,2007,1.44,
09.02.2007,Feb-07,2007,1.55,
10.02.2007,Feb-07,2007,#N/A,
11.02.2007,Feb-07,2007,#N/A,
12.02.2007,Feb-07,2007,1.38,
13.02.2007,Feb-07,2007,1.22,
14.02.2007,Feb-07,2007,1.16,
15.02.2007,Feb-07,2007,1.1,
16.02.2007,Feb-07,2007,1.06,
17.02.2007,Feb-07,2007,#N/A,
18.02.2007,Feb-07,2007,#N/A,
19.02.2007,Feb-07,2007,0.82,
20.02.2007,Feb-07,2007,0.78,
21.02.2007,Feb-07,2007,0.9,
22.02.2007,Feb-07,2007,0.78,
23.02.2007,Feb-07,2007,0.85,
24.02.2007,Feb-07,2007,#N/A,
25.02.2007,Feb-07,2007,#N/A,
26.02.2007,Feb-07,2007,0.9,
27.02.2007,Feb-07,2007,0.91,
28.02.2007,Feb-07,2007,0.94,
01.03.2007,Mar-07,2007,0.94,
02.03.2007,Mar-07,2007,1.04,
03.03.2007,Mar-07,2007,#N/A,
04.03.2007,Mar-07,2007,#N/A,
05.03.2007,Mar-07,2007,0.95,
06.03.2007,Mar-07,2007,0.99,
07.03.2007,Mar-07,2007,1.08,
08.03.2007,Mar-07,2007,1.08,
09.03.2007,Mar-07,2007,1.3,
10.03.2007,Mar-07,2007,#N/A,
11.03.2007,Mar-07,2007,#N/A,
12.03.2007,Mar-07,2007,1.28,
13.03.2007,Mar-07,2007,1.25,
14.03.2007,Mar-07,2007,1.18,
15.03.2007,Mar-07,2007,1.1,
16.03.2007,Mar-07,2007,1.15,
17.03.2007,Mar-07,2007,#N/A,
18.03.2007,Mar-07,2007,#N/A,
19.03.2007,Mar-07,2007,1.08,
20.03.2007,Mar-07,2007,0.99,
21.03.2007,Mar-07,2007,1,
22.03.2007,Mar-07,2007,0.98,
23.03.2007,Mar-07,2007,0.97,
24.03.2007,Mar-07,2007,#N/A,
25.03.2007,Mar-07,2007,#N/A,
26.03.2007,Mar-07,2007,0.96,
27.03.2007,Mar-07,2007,0.99,
28.03.2007,Mar-07,2007,1.13,
29.03.2007,Mar-07,2007,1.33,
30.03.2007,Mar-07,2007,1.25,
31.03.2007,Mar-07,2007,#N/A,
01.04.2007,Apr-07,2007,#N/A,
02.04.2007,Apr-07,2007,0.94,
03.04.2007,Apr-07,2007,0.86,
04.04.2007,Apr-07,2007,0.8,
05.04.2007,Apr-07,2007,0.78,
06.04.2007,Apr-07,2007,#N/A,
07.04.2007,Apr-07,2007,#N/A,
08.04.2007,Apr-07,2007,#N/A,
09.04.2007,Apr-07,2007,#N/A,
10.04.2007,Apr-07,2007,0.8,
11.04.2007,Apr-07,2007,0.79,
12.04.2007,Apr-07,2007,0.79,
13.04.2007,Apr-07,2007,0.73,
14.04.2007,Apr-07,2007,#N/A,
15.04.2007,Apr-07,2007,#N/A,
16.04.2007,Apr-07,2007,0.7,
17.04.2007,Apr-07,2007,0.66,
18.04.2007,Apr-07,2007,0.52,
19.04.2007,Apr-07,2007,0.47,
20.04.2007,Apr-07,2007,0.58,
21.04.2007,Apr-07,2007,#N/A,
22.04.2007,Apr-07,2007,#N/A,
23.04.2007,Apr-07,2007,0.64,
24.04.2007,Apr-07,2007,0.64,
25.04.2007,Apr-07,2007,0.62,
26.04.2007,Apr-07,2007,0.55,
27.04.2007,Apr-07,2007,0.52,
28.04.2007,Apr-07,2007,#N/A,
29.04.2007,Apr-07,2007,#N/A,
30.04.2007,Apr-07,2007,0.5,
01.05.2007,May-07,2007,#N/A,
02.05.2007,May-07,2007,0.5,
03.05.2007,May-07,2007,0.49,
04.05.2007,May-07,2007,0.5,
05.05.2007,May-07,2007,#N/A,
06.05.2007,May-07,2007,#N/A,
07.05.2007,May-07,2007,0.5,
08.05.2007,May-07,2007,0.47,
09.05.2007,May-07,2007,0.41,
10.05.2007,May-07,2007,0.27,
11.05.2007,May-07,2007,0.29,
12.05.2007,May-07,2007,#N/A,
13.05.2007,May-07,2007,#N/A,
14.05.2007,May-07,2007,0.3,
15.05.2007,May-07,2007,0.26,
16.05.2007,May-07,2007,0.28,
17.05.2007,May-07,2007,#N/A,
18.05.2007,May-07,2007,0.27,
19.05.2007,May-07,2007,#N/A,
20.05.2007,May-07,2007,#N/A,
21.05.2007,May-07,2007,0.27,
22.05.2007,May-07,2007,0.27,
23.05.2007,May-07,2007,0.27,
24.05.2007,May-07,2007,0.28,
25.05.2007,May-07,2007,0.26,
26.05.2007,May-07,2007,#N/A,
27.05.2007,May-07,2007,#N/A,
28.05.2007,May-07,2007,#N/A,
29.05.2007,May-07,2007,0.25,
30.05.2007,May-07,2007,0.24,
31.05.2007,May-07,2007,0.24,
01.06.2007,Jun-07,2007,0.24,
02.06.2007,Jun-07,2007,#N/A,
03.06.2007,Jun-07,2007,#N/A,
04.06.2007,Jun-07,2007,0.24,
05.06.2007,Jun-07,2007,0.25,
06.06.2007,Jun-07,2007,0.26,
07.06.2007,Jun-07,2007,0.24,
08.06.2007,Jun-07,2007,0.25,
09.06.2007,Jun-07,2007,#N/A,
10.06.2007,Jun-07,2007,#N/A,
11.06.2007,Jun-07,2007,0.23,
12.06.2007,Jun-07,2007,0.21,
13.06.2007,Jun-07,2007,0.19,
14.06.2007,Jun-07,2007,0.16,
15.06.2007,Jun-07,2007,0.15,
16.06.2007,Jun-07,2007,#N/A,
17.06.2007,Jun-07,2007,#N/A,
18.06.2007,Jun-07,2007,0.12,
19.06.2007,Jun-07,2007,0.12,
20.06.2007,Jun-07,2007,0.12,
21.06.2007,Jun-07,2007,0.11,
22.06.2007,Jun-07,2007,0.1,
23.06.2007,Jun-07,2007,#N/A,
24.06.2007,Jun-07,2007,#N/A,
25.06.2007,Jun-07,2007,0.08,
26.06.2007,Jun-07,2007,0.1,
27.06.2007,Jun-07,2007,0.11,
28.06.2007,Jun-07,2007,0.11,
29.06.2007,Jun-07,2007,0.12,
30.06.2007,Jun-07,2007,#N/A,
01.07.2007,Jul-07,2007,#N/A,
02.07.2007,Jul-07,2007,0.12,
03.07.2007,Jul-07,2007,0.11,
04.07.2007,Jul-07,2007,0.1,
05.07.2007,Jul-07,2007,0.1,
06.07.2007,Jul-07,2007,0.13,
07.07.2007,Jul-07,2007,#N/A,
08.07.2007,Jul-07,2007,#N/A,
09.07.2007,Jul-07,2007,0.12,
10.07.2007,Jul-07,2007,0.11,
11.07.2007,Jul-07,2007,0.11,
12.07.2007,Jul-07,2007,0.11,
13.07.2007,Jul-07,2007,0.12,
14.07.2007,Jul-07,2007,#N/A,
15.07.2007,Jul-07,2007,#N/A,
16.07.2007,Jul-07,2007,0.11,
17.07.2007,Jul-07,2007,0.11,
18.07.2007,Jul-07,2007,0.11,
19.07.2007,Jul-07,2007,0.1,
20.07.2007,Jul-07,2007,0.11,
21.07.2007,Jul-07,2007,#N/A,
22.07.2007,Jul-07,2007,#N/A,
23.07.2007,Jul-07,2007,0.1,
24.07.2007,Jul-07,2007,0.11,
25.07.2007,Jul-07,2007,0.11,
26.07.2007,Jul-07,2007,0.11,
27.07.2007,Jul-07,2007,0.11,
28.07.2007,Jul-07,2007,#N/A,
29.07.2007,Jul-07,2007,#N/A,
30.07.2007,Jul-07,2007,0.1,
31.07.2007,Jul-07,2007,0.1,
01.08.2007,Aug-07,2007,0.1,
02.08.2007,Aug-07,2007,0.09,
03.08.2007,Aug-07,2007,0.09,
04.08.2007,Aug-07,2007,#N/A,
05.08.2007,Aug-07,2007,#N/A,
06.08.2007,Aug-07,2007,0.09,
07.08.2007,Aug-07,2007,0.08,
08.08.2007,Aug-07,2007,0.08,
09.08.2007,Aug-07,2007,0.08,
10.08.2007,Aug-07,2007,0.09,
11.08.2007,Aug-07,2007,#N/A,
12.08.2007,Aug-07,2007,#N/A,
13.08.2007,Aug-07,2007,0.08,
14.08.2007,Aug-07,2007,0.08,
15.08.2007,Aug-07,2007,0.09,
16.08.2007,Aug-07,2007,0.09,
17.08.2007,Aug-07,2007,0.09,
18.08.2007,Aug-07,2007,#N/A,
19.08.2007,Aug-07,2007,#N/A,
20.08.2007,Aug-07,2007,0.08,
21.08.2007,Aug-07,2007,0.09,
22.08.2007,Aug-07,2007,0.08,
23.08.2007,Aug-07,2007,0.09,
24.08.2007,Aug-07,2007,0.09,
25.08.2007,Aug-07,2007,#N/A,
26.08.2007,Aug-07,2007,#N/A,
27.08.2007,Aug-07,2007,0.09,
28.08.2007,Aug-07,2007,0.09,
29.08.2007,Aug-07,2007,0.09,
30.08.2007,Aug-07,2007,0.09,
31.08.2007,Aug-07,2007,0.09,
01.09.2007,Sep-07,2007,#N/A,
02.09.2007,Sep-07,2007,#N/A,
03.09.2007,Sep-07,2007,0.09,
04.09.2007,Sep-07,2007,0.09,
05.09.2007,Sep-07,2007,0.08,
06.09.2007,Sep-07,2007,0.07,
07.09.2007,Sep-07,2007,0.08,
08.09.2007,Sep-07,2007,#N/A,
09.09.2007,Sep-07,2007,#N/A,
10.09.2007,Sep-07,2007,0.07,
11.09.2007,Sep-07,2007,0.07,
12.09.2007,Sep-07,2007,0.07,
13.09.2007,Sep-07,2007,0.07,
14.09.2007,Sep-07,2007,0.06,
15.09.2007,Sep-07,2007,#N/A,
16.09.2007,Sep-07,2007,#N/A,
17.09.2007,Sep-07,2007,0.05,
18.09.2007,Sep-07,2007,0.05,
19.09.2007,Sep-07,2007,0.05,
20.09.2007,Sep-07,2007,0.06,
21.09.2007,Sep-07,2007,0.06,
22.09.2007,Sep-07,2007,#N/A,
23.09.2007,Sep-07,2007,#N/A,
24.09.2007,Sep-07,2007,0.05,
25.09.2007,Sep-07,2007,0.05,
26.09.2007,Sep-07,2007,0.05,
27.09.2007,Sep-07,2007,0.06,
28.09.2007,Sep-07,2007,0.07,
29.09.2007,Sep-07,2007,#N/A,
30.09.2007,Sep-07,2007,#N/A,
01.10.2007,Oct-07,2007,0.05,
02.10.2007,Oct-07,2007,0.04,
03.10.2007,Oct-07,2007,#N/A,
04.10.2007,Oct-07,2007,0.04,
05.10.2007,Oct-07,2007,0.05,
06.10.2007,Oct-07,2007,#N/A,
07.10.2007,Oct-07,2007,#N/A,
08.10.2007,Oct-07,2007,0.05,
09.10.2007,Oct-07,2007,0.05,
10.10.2007,Oct-07,2007,0.05,
11.10.2007,Oct-07,2007,0.04,
12.10.2007,Oct-07,2007,0.04,
13.10.2007,Oct-07,2007,#N/A,
14.10.2007,Oct-07,2007,#N/A,
15.10.2007,Oct-07,2007,0.04,
16.10.2007,Oct-07,2007,0.05,
17.10.2007,Oct-07,2007,0.04,
18.10.2007,Oct-07,2007,0.04,
19.10.2007,Oct-07,2007,0.04,
20.10.2007,Oct-07,2007,#N/A,
21.10.2007,Oct-07,2007,#N/A,
22.10.2007,Oct-07,2007,0.04,
23.10.2007,Oct-07,2007,0.06,
24.10.2007,Oct-07,2007,0.06,
25.10.2007,Oct-07,2007,0.06,
26.10.2007,Oct-07,2007,0.06,
27.10.2007,Oct-07,2007,#N/A,
28.10.2007,Oct-07,2007,#N/A,
29.10.2007,Oct-07,2007,0.05,
30.10.2007,Oct-07,2007,0.05,
31.10.2007,Oct-07,2007,0.06,
01.11.2007,Nov-07,2007,0.07,
02.11.2007,Nov-07,2007,0.05,
03.11.2007,Nov-07,2007,#N/A,
04.11.2007,Nov-07,2007,#N/A,
05.11.2007,Nov-07,2007,0.06,
06.11.2007,Nov-07,2007,0.06,
07.11.2007,Nov-07,2007,0.07,
08.11.2007,Nov-07,2007,0.1,
09.11.2007,Nov-07,2007,0.1,
10.11.2007,Nov-07,2007,#N/A,
11.11.2007,Nov-07,2007,#N/A,
12.11.2007,Nov-07,2007,0.1,
13.11.2007,Nov-07,2007,0.09,
14.11.2007,Nov-07,2007,0.08,
15.11.2007,Nov-07,2007,0.07,
16.11.2007,Nov-07,2007,0.08,
17.11.2007,Nov-07,2007,#N/A,
18.11.2007,Nov-07,2007,#N/A,
19.11.2007,Nov-07,2007,0.07,
20.11.2007,Nov-07,2007,0.06,
21.11.2007,Nov-07,2007,0.06,
22.11.2007,Nov-07,2007,0.06,
23.11.2007,Nov-07,2007,0.05,
24.11.2007,Nov-07,2007,#N/A,
25.11.2007,Nov-07,2007,#N/A,
26.11.2007,Nov-07,2007,0.05,
27.11.2007,Nov-07,2007,0.05,
28.11.2007,Nov-07,2007,0.05,
29.11.2007,Nov-07,2007,0.05,
30.11.2007,Nov-07,2007,0.05,
01.12.2007,Dec-07,2007,#N/A,
02.12.2007,Dec-07,2007,#N/A,
03.12.2007,Dec-07,2007,0.03,
04.12.2007,Dec-07,2007,0.04,
05.12.2007,Dec-07,2007,0.03,
06.12.2007,Dec-07,2007,0.03,
07.12.2007,Dec-07,2007,0.03,
08.12.2007,Dec-07,2007,#N/A,
09.12.2007,Dec-07,2007,#N/A,
10.12.2007,Dec-07,2007,0.03,
11.12.2007,Dec-07,2007,0.02,
12.12.2007,Dec-07,2007,0.02,
13.12.2007,Dec-07,2007,0.02,
14.12.2007,Dec-07,2007,0.01,
15.12.2007,Dec-07,2007,#N/A,
16.12.2007,Dec-07,2007,#N/A,
17.12.2007,Dec-07,2007,0.03,
18.12.2007,Dec-07,2007,0.02,
19.12.2007,Dec-07,2007,0.02,
20.12.2007,Dec-07,2007,0.02,
21.12.2007,Dec-07,2007,0.02,
22.12.2007,Dec-07,2007,#N/A,
23.12.2007,Dec-07,2007,#N/A,
24.12.2007,Dec-07,2007,#N/A,
25.12.2007,Dec-07,2007,#N/A,
26.12.2007,Dec-07,2007,#N/A,
27.12.2007,Dec-07,2007,0.02,
28.12.2007,Dec-07,2007,0.02,
29.12.2007,Dec-07,2007,#N/A,
30.12.2007,Dec-07,2007,#N/A,
31.12.2007,Dec-07,2007,#N/A,
01.01.2008,Jan-08,2008,#N/A,0
02.01.2008,Jan-08,2008,0.02,1
03.01.2008,Jan-08,2008,0.02,
04.01.2008,Jan-08,2008,0.02,
05.01.2008,Jan-08,2008,#N/A,
06.01.2008,Jan-08,2008,#N/A,
07.01.2008,Jan-08,2008,0.02,
08.01.2008,Jan-08,2008,0.03,
09.01.2008,Jan-08,2008,0.02,
10.01.2008,Jan-08,2008,0.03,
11.01.2008,Jan-08,2008,0.03,
12.01.2008,Jan-08,2008,#N/A,
13.01.2008,Jan-08,2008,#N/A,
14.01.2008,Jan-08,2008,0.04,
15.01.2008,Jan-08,2008,0.04,
16.01.2008,Jan-08,2008,0.04,
17.01.2008,Jan-08,2008,0.04,
18.01.2008,Jan-08,2008,0.03,
19.01.2008,Jan-08,2008,#N/A,
20.01.2008,Jan-08,2008,#N/A,
21.01.2008,Jan-08,2008,0.02,
22.01.2008,Jan-08,2008,0.03,
23.01.2008,Jan-08,2008,0.03,
24.01.2008,Jan-08,2008,0.03,
25.01.2008,Jan-08,2008,0.03,
26.01.2008,Jan-08,2008,#N/A,
27.01.2008,Jan-08,2008,#N/A,
28.01.2008,Jan-08,2008,0.03,
29.01.2008,Jan-08,2008,0.03,
30.01.2008,Jan-08,2008,0.02,
31.01.2008,Jan-08,2008,0.03,
01.02.2008,Feb-08,2008,0.03,
02.02.2008,Feb-08,2008,#N/A,
03.02.2008,Feb-08,2008,#N/A,
04.02.2008,Feb-08,2008,0.02,
05.02.2008,Feb-08,2008,0.03,
06.02.2008,Feb-08,2008,0.03,
07.02.2008,Feb-08,2008,0.02,
08.02.2008,Feb-08,2008,0.03,
09.02.2008,Feb-08,2008,#N/A,
10.02.2008,Feb-08,2008,#N/A,
11.02.2008,Feb-08,2008,0.02,
12.02.2008,Feb-08,2008,0.02,
13.02.2008,Feb-08,2008,0.03,
14.02.2008,Feb-08,2008,0.03,
15.02.2008,Feb-08,2008,0.02,
16.02.2008,Feb-08,2008,#N/A,
17.02.2008,Feb-08,2008,#N/A,
18.02.2008,Feb-08,2008,0.03,
19.02.2008,Feb-08,2008,0.03,
20.02.2008,Feb-08,2008,0.04,
21.02.2008,Feb-08,2008,0.03,
22.02.2008,Feb-08,2008,0.04,
23.02.2008,Feb-08,2008,#N/A,
24.02.2008,Feb-08,2008,#N/A,
25.02.2008,Feb-08,2008,0.04,
26.02.2008,Feb-08,2008,0.03,
27.02.2008,Feb-08,2008,0.03,
28.02.2008,Feb-08,2008,0.04,
29.02.2008,Feb-08,2008,0.04,
01.03.2008,Mar-08,2008,#N/A,
02.03.2008,Mar-08,2008,#N/A,
03.03.2008,Mar-08,2008,0.03,
04.03.2008,Mar-08,2008,0.03,
05.03.2008,Mar-08,2008,0.03,
06.03.2008,Mar-08,2008,0.03,
07.03.2008,Mar-08,2008,0.03,
08.03.2008,Mar-08,2008,#N/A,
09.03.2008,Mar-08,2008,#N/A,
10.03.2008,Mar-08,2008,0.02,
11.03.2008,Mar-08,2008,0.01,
12.03.2008,Mar-08,2008,0.01,
13.03.2008,Mar-08,2008,0.01,
14.03.2008,Mar-08,2008,0.01,
15.03.2008,Mar-08,2008,#N/A,
16.03.2008,Mar-08,2008,#N/A,
17.03.2008,Mar-08,2008,0.02,
18.03.2008,Mar-08,2008,0.02,
19.03.2008,Mar-08,2008,0.02,
20.03.2008,Mar-08,2008,0.02,
21.03.2008,Mar-08,2008,#N/A,
22.03.2008,Mar-08,2008,#N/A,
23.03.2008,Mar-08,2008,#N/A,
24.03.2008,Mar-08,2008,#N/A,
25.03.2008,Mar-08,2008,21.89,
26.03.2008,Mar-08,2008,21.88,
27.03.2008,Mar-08,2008,21.59,
28.03.2008,Mar-08,2008,21.05,
29.03.2008,Mar-08,2008,#N/A,
30.03.2008,Mar-08,2008,#N/A,
31.03.2008,Mar-08,2008,21.57,
01.04.2008,Apr-08,2008,22.02,
02.04.2008,Apr-08,2008,22.4,
03.04.2008,Apr-08,2008,23.05,
04.04.2008,Apr-08,2008,22.72,
05.04.2008,Apr-08,2008,#N/A,
06.04.2008,Apr-08,2008,#N/A,
07.04.2008,Apr-08,2008,23.25,
08.04.2008,Apr-08,2008,23.27,
09.04.2008,Apr-08,2008,23.24,
10.04.2008,Apr-08,2008,23.87,
11.04.2008,Apr-08,2008,23.87,
12.04.2008,Apr-08,2008,#N/A,
13.04.2008,Apr-08,2008,#N/A,
14.04.2008,Apr-08,2008,24.6,
15.04.2008,Apr-08,2008,24.78,
16.04.2008,Apr-08,2008,24.78,
17.04.2008,Apr-08,2008,24.29,
18.04.2008,Apr-08,2008,24.02,
19.04.2008,Apr-08,2008,#N/A,
20.04.2008,Apr-08,2008,#N/A,
21.04.2008,Apr-08,2008,24.84,
22.04.2008,Apr-08,2008,24.91,
23.04.2008,Apr-08,2008,24.6,
24.04.2008,Apr-08,2008,24.6,
25.04.2008,Apr-08,2008,24.27,
26.04.2008,Apr-08,2008,#N/A,
27.04.2008,Apr-08,2008,#N/A,
28.04.2008,Apr-08,2008,24.32,
29.04.2008,Apr-08,2008,23.74,
30.04.2008,Apr-08,2008,23.85,
01.05.2008,May-08,2008,#N/A,
02.05.2008,May-08,2008,23.86,
03.05.2008,May-08,2008,#N/A,
04.05.2008,May-08,2008,#N/A,
05.05.2008,May-08,2008,24.83,
06.05.2008,May-08,2008,24.82,
07.05.2008,May-08,2008,24.85,
08.05.2008,May-08,2008,24.78,
09.05.2008,May-08,2008,24.69,
10.05.2008,May-08,2008,#N/A,
11.05.2008,May-08,2008,#N/A,
12.05.2008,May-08,2008,#N/A,
13.05.2008,May-08,2008,24.46,
14.05.2008,May-08,2008,24.08,
15.05.2008,May-08,2008,24.6,
16.05.2008,May-08,2008,24.36,
17.05.2008,May-08,2008,#N/A,
18.05.2008,May-08,2008,#N/A,
19.05.2008,May-08,2008,24.83,
20.05.2008,May-08,2008,24.85,
21.05.2008,May-08,2008,25.12,
22.05.2008,May-08,2008,25.45,
23.05.2008,May-08,2008,25.37,
24.05.2008,May-08,2008,#N/A,
25.05.2008,May-08,2008,#N/A,
26.05.2008,May-08,2008,25.7,
27.05.2008,May-08,2008,25.98,
28.05.2008,May-08,2008,25.87,
29.05.2008,May-08,2008,26.05,
30.05.2008,May-08,2008,26.7,
31.05.2008,May-08,2008,#N/A,
01.06.2008,Jun-08,2008,#N/A,
02.06.2008,Jun-08,2008,25.18,
03.06.2008,Jun-08,2008,26.68,
04.06.2008,Jun-08,2008,26.28,
05.06.2008,Jun-08,2008,26.06,
06.06.2008,Jun-08,2008,27.05,
07.06.2008,Jun-08,2008,#N/A,
08.06.2008,Jun-08,2008,#N/A,
09.06.2008,Jun-08,2008,27.05,
10.06.2008,Jun-08,2008,26.77,
11.06.2008,Jun-08,2008,26.71,
12.06.2008,Jun-08,2008,26.62,
13.06.2008,Jun-08,2008,26.42,
14.06.2008,Jun-08,2008,#N/A,
15.06.2008,Jun-08,2008,#N/A,
16.06.2008,Jun-08,2008,27.24,
17.06.2008,Jun-08,2008,26.77,
18.06.2008,Jun-08,2008,26.94,
19.06.2008,Jun-08,2008,27.08,
20.06.2008,Jun-08,2008,26.74,
21.06.2008,Jun-08,2008,#N/A,
22.06.2008,Jun-08,2008,#N/A,
23.06.2008,Jun-08,2008,27.3,
24.06.2008,Jun-08,2008,27.3,
25.06.2008,Jun-08,2008,27.08,
26.06.2008,Jun-08,2008,27.28,
27.06.2008,Jun-08,2008,27.7,
28.06.2008,Jun-08,2008,#N/A,
29.06.2008,Jun-08,2008,#N/A,
30.06.2008,Jun-08,2008,28.25,
01.07.2008,Jul-08,2008,28.75,
02.07.2008,Jul-08,2008,27.2,
03.07.2008,Jul-08,2008,27.18,
04.07.2008,Jul-08,2008,27.1,
05.07.2008,Jul-08,2008,#N/A,
06.07.2008,Jul-08,2008,#N/A,
07.07.2008,Jul-08,2008,27.05,
08.07.2008,Jul-08,2008,25.5,
09.07.2008,Jul-08,2008,25.67,
10.07.2008,Jul-08,2008,26.35,
11.07.2008,Jul-08,2008,27,
12.07.2008,Jul-08,2008,#N/A,
13.07.2008,Jul-08,2008,#N/A,
14.07.2008,Jul-08,2008,26.82,
15.07.2008,Jul-08,2008,26.48,
16.07.2008,Jul-08,2008,24.73,
17.07.2008,Jul-08,2008,25.3,
18.07.2008,Jul-08,2008,24.1,
19.07.2008,Jul-08,2008,#N/A,
20.07.2008,Jul-08,2008,#N/A,
21.07.2008,Jul-08,2008,24.28,
22.07.2008,Jul-08,2008,24.31,
23.07.2008,Jul-08,2008,24.33,
24.07.2008,Jul-08,2008,24.76,
25.07.2008,Jul-08,2008,24.56,
26.07.2008,Jul-08,2008,#N/A,
27.07.2008,Jul-08,2008,#N/A,
28.07.2008,Jul-08,2008,24.17,
29.07.2008,Jul-08,2008,23.23,
30.07.2008,Jul-08,2008,22.1,
31.07.2008,Jul-08,2008,21.63,
01.08.2008,Aug-08,2008,21,
02.08.2008,Aug-08,2008,#N/A,
03.08.2008,Aug-08,2008,#N/A,
04.08.2008,Aug-08,2008,20.96,
05.08.2008,Aug-08,2008,21.3,
06.08.2008,Aug-08,2008,22.1,
07.08.2008,Aug-08,2008,22.57,
08.08.2008,Aug-08,2008,22.25,
09.08.2008,Aug-08,2008,#N/A,
10.08.2008,Aug-08,2008,#N/A,
11.08.2008,Aug-08,2008,22.31,
12.08.2008,Aug-08,2008,23.13,
13.08.2008,Aug-08,2008,23.53,
14.08.2008,Aug-08,2008,23.11,
15.08.2008,Aug-08,2008,22.75,
16.08.2008,Aug-08,2008,#N/A,
17.08.2008,Aug-08,2008,#N/A,
18.08.2008,Aug-08,2008,23.29,
19.08.2008,Aug-08,2008,23.36,
20.08.2008,Aug-08,2008,24.1,
21.08.2008,Aug-08,2008,24.36,
22.08.2008,Aug-08,2008,24.27,
23.08.2008,Aug-08,2008,#N/A,
24.08.2008,Aug-08,2008,#N/A,
25.08.2008,Aug-08,2008,24.03,
26.08.2008,Aug-08,2008,24.43,
27.08.2008,Aug-08,2008,24.89,
28.08.2008,Aug-08,2008,24.85,
29.08.2008,Aug-08,2008,24.88,
30.08.2008,Aug-08,2008,#N/A,
31.08.2008,Aug-08,2008,#N/A,
01.09.2008,Sep-08,2008,24.65,
02.09.2008,Sep-08,2008,24.4,
03.09.2008,Sep-08,2008,24.31,
04.09.2008,Sep-08,2008,24.49,
05.09.2008,Sep-08,2008,24.12,
06.09.2008,Sep-08,2008,#N/A,
07.09.2008,Sep-08,2008,#N/A,
08.09.2008,Sep-08,2008,23.99,
09.09.2008,Sep-08,2008,22.75,
10.09.2008,Sep-08,2008,22.56,
11.09.2008,Sep-08,2008,22.95,
12.09.2008,Sep-08,2008,23.6,
13.09.2008,Sep-08,2008,#N/A,
14.09.2008,Sep-08,2008,#N/A,
15.09.2008,Sep-08,2008,22.8,
16.09.2008,Sep-08,2008,22.54,
17.09.2008,Sep-08,2008,23.11,
18.09.2008,Sep-08,2008,23.36,
19.09.2008,Sep-08,2008,24.36,
20.09.2008,Sep-08,2008,#N/A,
21.09.2008,Sep-08,2008,#N/A,
22.09.2008,Sep-08,2008,24.67,
23.09.2008,Sep-08,2008,24.87,
24.09.2008,Sep-08,2008,24.37,
25.09.2008,Sep-08,2008,24.47,
26.09.2008,Sep-08,2008,24.28,
27.09.2008,Sep-08,2008,#N/A,
28.09.2008,Sep-08,2008,#N/A,
29.09.2008,Sep-08,2008,23.03,
30.09.2008,Sep-08,2008,22.35,
01.10.2008,Oct-08,2008,23.1,
02.10.2008,Oct-08,2008,23.06,
03.10.2008,Oct-08,2008,#N/A,
04.10.2008,Oct-08,2008,#N/A,
05.10.2008,Oct-08,2008,#N/A,
06.10.2008,Oct-08,2008,21.83,
07.10.2008,Oct-08,2008,22.03,
08.10.2008,Oct-08,2008,21.68,
09.10.2008,Oct-08,2008,22.48,
10.10.2008,Oct-08,2008,21.89,
11.10.2008,Oct-08,2008,#N/A,
12.10.2008,Oct-08,2008,#N/A,
13.10.2008,Oct-08,2008,22.69,
14.10.2008,Oct-08,2008,23.2,
15.10.2008,Oct-08,2008,22.8,
16.10.2008,Oct-08,2008,21.96,
17.10.2008,Oct-08,2008,21.53,
18.10.2008,Oct-08,2008,#N/A,
19.10.2008,Oct-08,2008,#N/A,
20.10.2008,Oct-08,2008,21.84,
21.10.2008,Oct-08,2008,21.35,
22.10.2008,Oct-08,2008,19.8,
23.10.2008,Oct-08,2008,20,
24.10.2008,Oct-08,2008,18.83,
25.10.2008,Oct-08,2008,#N/A,
26.10.2008,Oct-08,2008,#N/A,
27.10.2008,Oct-08,2008,17.77,
28.10.2008,Oct-08,2008,17.61,
29.10.2008,Oct-08,2008,18.18,
30.10.2008,Oct-08,2008,18.13,
31.10.2008,Oct-08,2008,17.67,
01.11.2008,Nov-08,2008,#N/A,
02.11.2008,Nov-08,2008,#N/A,
03.11.2008,Nov-08,2008,18.17,
04.11.2008,Nov-08,2008,18.62,
05.11.2008,Nov-08,2008,18.55,
06.11.2008,Nov-08,2008,18.2,
07.11.2008,Nov-08,2008,18.7,
08.11.2008,Nov-08,2008,#N/A,
09.11.2008,Nov-08,2008,#N/A,
10.11.2008,Nov-08,2008,18.58,
11.11.2008,Nov-08,2008,17.93,
12.11.2008,Nov-08,2008,18.06,
13.11.2008,Nov-08,2008,17.97,
14.11.2008,Nov-08,2008,17.82,
15.11.2008,Nov-08,2008,#N/A,
16.11.2008,Nov-08,2008,#N/A,
17.11.2008,Nov-08,2008,17.03,
18.11.2008,Nov-08,2008,16.67,
19.11.2008,Nov-08,2008,16.42,
20.11.2008,Nov-08,2008,15,
21.11.2008,Nov-08,2008,15.09,
22.11.2008,Nov-08,2008,#N/A,
23.11.2008,Nov-08,2008,#N/A,
24.11.2008,Nov-08,2008,15.54,
25.11.2008,Nov-08,2008,15.74,
26.11.2008,Nov-08,2008,15.57,
27.11.2008,Nov-08,2008,16.28,
28.11.2008,Nov-08,2008,15.65,
29.11.2008,Nov-08,2008,#N/A,
30.11.2008,Nov-08,2008,#N/A,
01.12.2008,Dec-08,2008,15.63,
02.12.2008,Dec-08,2008,15.4,
03.12.2008,Dec-08,2008,15.23,
04.12.2008,Dec-08,2008,14.93,
05.12.2008,Dec-08,2008,13.8,
06.12.2008,Dec-08,2008,#N/A,
07.12.2008,Dec-08,2008,#N/A,
08.12.2008,Dec-08,2008,14.4,
09.12.2008,Dec-08,2008,14.25,
10.12.2008,Dec-08,2008,14.61,
11.12.2008,Dec-08,2008,14.8,
12.12.2008,Dec-08,2008,14.75,
13.12.2008,Dec-08,2008,#N/A,
14.12.2008,Dec-08,2008,#N/A,
15.12.2008,Dec-08,2008,15.45,
16.12.2008,Dec-08,2008,15.3,
17.12.2008,Dec-08,2008,15.3,
18.12.2008,Dec-08,2008,15.13,
19.12.2008,Dec-08,2008,15.05,
20.12.2008,Dec-08,2008,#N/A,
21.12.2008,Dec-08,2008,#N/A,
22.12.2008,Dec-08,2008,15.35,
23.12.2008,Dec-08,2008,15.2,
24.12.2008,Dec-08,2008,#N/A,
25.12.2008,Dec-08,2008,#N/A,
26.12.2008,Dec-08,2008,#N/A,
27.12.2008,Dec-08,2008,#N/A,
28.12.2008,Dec-08,2008,#N/A,
29.12.2008,Dec-08,2008,15.8,
30.12.2008,Dec-08,2008,15.4,
31.12.2008,Dec-08,2008,#N/A,
01.01.2009,Jan-09,2009,#N/A,
02.01.2009,Jan-09,2009,14.77,
03.01.2009,Jan-09,2009,#N/A,
04.01.2009,Jan-09,2009,#N/A,
05.01.2009,Jan-09,2009,14.88,
06.01.2009,Jan-09,2009,15.1,
07.01.2009,Jan-09,2009,15,
08.01.2009,Jan-09,2009,14.55,
09.01.2009,Jan-09,2009,15,
10.01.2009,Jan-09,2009,#N/A,
11.01.2009,Jan-09,2009,#N/A,
12.01.2009,Jan-09,2009,14.28,
13.01.2009,Jan-09,2009,14.13,
14.01.2009,Jan-09,2009,14,
15.01.2009,Jan-09,2009,12.78,
16.01.2009,Jan-09,2009,12.32,
17.01.2009,Jan-09,2009,#N/A,
18.01.2009,Jan-09,2009,#N/A,
19.01.2009,Jan-09,2009,11.35,
20.01.2009,Jan-09,2009,11.05,
21.01.2009,Jan-09,2009,11.12,
22.01.2009,Jan-09,2009,11.43,
23.01.2009,Jan-09,2009,11.28,
24.01.2009,Jan-09,2009,#N/A,
25.01.2009,Jan-09,2009,#N/A,
26.01.2009,Jan-09,2009,11.65,
27.01.2009,Jan-09,2009,11.54,
28.01.2009,Jan-09,2009,11.45,
29.01.2009,Jan-09,2009,11.57,
30.01.2009,Jan-09,2009,11.49,
31.01.2009,Jan-09,2009,#N/A,
01.02.2009,Feb-09,2009,#N/A,
02.02.2009,Feb-09,2009,11.18,
03.02.2009,Feb-09,2009,10.35,
04.02.2009,Feb-09,2009,10.13,
05.02.2009,Feb-09,2009,9.9,
06.02.2009,Feb-09,2009,9.85,
07.02.2009,Feb-09,2009,#N/A,
08.02.2009,Feb-09,2009,#N/A,
09.02.2009,Feb-09,2009,9.8,
10.02.2009,Feb-09,2009,9.08,
11.02.2009,Feb-09,2009,8.45,
12.02.2009,Feb-09,2009,7.98,
13.02.2009,Feb-09,2009,8.35,
14.02.2009,Feb-09,2009,#N/A,
15.02.2009,Feb-09,2009,#N/A,
16.02.2009,Feb-09,2009,8.18,
17.02.2009,Feb-09,2009,8.5,
18.02.2009,Feb-09,2009,9.39,
19.02.2009,Feb-09,2009,10.4,
20.02.2009,Feb-09,2009,9.74,
21.02.2009,Feb-09,2009,#N/A,
22.02.2009,Feb-09,2009,#N/A,
23.02.2009,Feb-09,2009,9.44,
24.02.2009,Feb-09,2009,9.15,
25.02.2009,Feb-09,2009,9.51,
26.02.2009,Feb-09,2009,10.37,
27.02.2009,Feb-09,2009,9.95,
28.02.2009,Feb-09,2009,#N/A,
01.03.2009,Mar-09,2009,#N/A,
02.03.2009,Mar-09,2009,9.85,
03.03.2009,Mar-09,2009,10.76,
04.03.2009,Mar-09,2009,11.4,
05.03.2009,Mar-09,2009,11.05,
06.03.2009,Mar-09,2009,10.65,
07.03.2009,Mar-09,2009,#N/A,
08.03.2009,Mar-09,2009,#N/A,
09.03.2009,Mar-09,2009,11.35,
10.03.2009,Mar-09,2009,11.75,
11.03.2009,Mar-09,2009,11.42,
12.03.2009,Mar-09,2009,11.55,
13.03.2009,Mar-09,2009,11.9,
14.03.2009,Mar-09,2009,#N/A,
15.03.2009,Mar-09,2009,#N/A,
16.03.2009,Mar-09,2009,12.15,
17.03.2009,Mar-09,2009,12.52,
18.03.2009,Mar-09,2009,12.05,
19.03.2009,Mar-09,2009,11.32,
20.03.2009,Mar-09,2009,10.9,
21.03.2009,Mar-09,2009,#N/A,
22.03.2009,Mar-09,2009,#N/A,
23.03.2009,Mar-09,2009,11.51,
24.03.2009,Mar-09,2009,10.85,
25.03.2009,Mar-09,2009,10.15,
26.03.2009,Mar-09,2009,10.48,
27.03.2009,Mar-09,2009,10.7,
28.03.2009,Mar-09,2009,#N/A,
29.03.2009,Mar-09,2009,#N/A,
30.03.2009,Mar-09,2009,10.83,
31.03.2009,Mar-09,2009,11.26,
01.04.2009,Apr-09,2009,11.74,
02.04.2009,Apr-09,2009,11.75,
03.04.2009,Apr-09,2009,12.2,
04.04.2009,Apr-09,2009,#N/A,
05.04.2009,Apr-09,2009,#N/A,
06.04.2009,Apr-09,2009,12.48,
07.04.2009,Apr-09,2009,12.07,
08.04.2009,Apr-09,2009,12.35,
09.04.2009,Apr-09,2009,12.97,
10.04.2009,Apr-09,2009,#N/A,
11.04.2009,Apr-09,2009,#N/A,
12.04.2009,Apr-09,2009,#N/A,
13.04.2009,Apr-09,2009,#N/A,
14.04.2009,Apr-09,2009,13.78,
15.04.2009,Apr-09,2009,13.4,
16.04.2009,Apr-09,2009,13.5,
17.04.2009,Apr-09,2009,13.51,
18.04.2009,Apr-09,2009,#N/A,
19.04.2009,Apr-09,2009,#N/A,
20.04.2009,Apr-09,2009,12.8,
21.04.2009,Apr-09,2009,12.6,
22.04.2009,Apr-09,2009,13.22,
23.04.2009,Apr-09,2009,13.17,
24.04.2009,Apr-09,2009,13.3,
25.04.2009,Apr-09,2009,#N/A,
26.04.2009,Apr-09,2009,#N/A,
27.04.2009,Apr-09,2009,13.15,
28.04.2009,Apr-09,2009,13.11,
29.04.2009,Apr-09,2009,13.32,
30.04.2009,Apr-09,2009,13.85,
01.05.2009,May-09,2009,#N/A,
02.05.2009,May-09,2009,#N/A,
03.05.2009,May-09,2009,#N/A,
04.05.2009,May-09,2009,14.4,
05.05.2009,May-09,2009,13.78,
06.05.2009,May-09,2009,14.19,
07.05.2009,May-09,2009,14.47,
08.05.2009,May-09,2009,15.14,
09.05.2009,May-09,2009,#N/A,
10.05.2009,May-09,2009,#N/A,
11.05.2009,May-09,2009,15.41,
12.05.2009,May-09,2009,14.64,
13.05.2009,May-09,2009,14.29,
14.05.2009,May-09,2009,14.04,
15.05.2009,May-09,2009,14.04,
16.05.2009,May-09,2009,#N/A,
17.05.2009,May-09,2009,#N/A,
18.05.2009,May-09,2009,14,
19.05.2009,May-09,2009,14.25,
20.05.2009,May-09,2009,14.82,
21.05.2009,May-09,2009,#N/A,
22.05.2009,May-09,2009,14.81,
23.05.2009,May-09,2009,#N/A,
24.05.2009,May-09,2009,#N/A,
25.05.2009,May-09,2009,14.85,
26.05.2009,May-09,2009,14.69,
27.05.2009,May-09,2009,14.96,
28.05.2009,May-09,2009,14.81,
29.05.2009,May-09,2009,14.55,
30.05.2009,May-09,2009,#N/A,
31.05.2009,May-09,2009,#N/A,
01.06.2009,Jun-09,2009,#N/A,
02.06.2009,Jun-09,2009,14.61,
03.06.2009,Jun-09,2009,13.96,
04.06.2009,Jun-09,2009,13.86,
05.06.2009,Jun-09,2009,13.71,
06.06.2009,Jun-09,2009,#N/A,
07.06.2009,Jun-09,2009,#N/A,
08.06.2009,Jun-09,2009,12.97,
09.06.2009,Jun-09,2009,12.86,
10.06.2009,Jun-09,2009,12.95,
11.06.2009,Jun-09,2009,13.05,
12.06.2009,Jun-09,2009,12.7,
13.06.2009,Jun-09,2009,#N/A,
14.06.2009,Jun-09,2009,#N/A,
15.06.2009,Jun-09,2009,12.11,
16.06.2009,Jun-09,2009,12.61,
17.06.2009,Jun-09,2009,12.65,
18.06.2009,Jun-09,2009,12.62,
19.06.2009,Jun-09,2009,13.02,
20.06.2009,Jun-09,2009,#N/A,
21.06.2009,Jun-09,2009,#N/A,
22.06.2009,Jun-09,2009,12.71,
23.06.2009,Jun-09,2009,12.8,
24.06.2009,Jun-09,2009,13.18,
25.06.2009,Jun-09,2009,13.22,
26.06.2009,Jun-09,2009,13.29,
27.06.2009,Jun-09,2009,#N/A,
28.06.2009,Jun-09,2009,#N/A,
29.06.2009,Jun-09,2009,13.3,
30.06.2009,Jun-09,2009,13.13,
01.07.2009,Jul-09,2009,13.04,
02.07.2009,Jul-09,2009,12.86,
03.07.2009,Jul-09,2009,12.85,
04.07.2009,Jul-09,2009,#N/A,
05.07.2009,Jul-09,2009,#N/A,
06.07.2009,Jul-09,2009,12.82,
07.07.2009,Jul-09,2009,12.89,
08.07.2009,Jul-09,2009,13.17,
09.07.2009,Jul-09,2009,13.49,
10.07.2009,Jul-09,2009,13.85,
11.07.2009,Jul-09,2009,#N/A,
12.07.2009,Jul-09,2009,#N/A,
13.07.2009,Jul-09,2009,14.31,
14.07.2009,Jul-09,2009,13.94,
15.07.2009,Jul-09,2009,14.35,
16.07.2009,Jul-09,2009,14.44,
17.07.2009,Jul-09,2009,13.98,
18.07.2009,Jul-09,2009,#N/A,
19.07.2009,Jul-09,2009,#N/A,
20.07.2009,Jul-09,2009,14.05,
21.07.2009,Jul-09,2009,14.38,
22.07.2009,Jul-09,2009,14.17,
23.07.2009,Jul-09,2009,14.22,
24.07.2009,Jul-09,2009,14.25,
25.07.2009,Jul-09,2009,#N/A,
26.07.2009,Jul-09,2009,#N/A,
27.07.2009,Jul-09,2009,14.1,
28.07.2009,Jul-09,2009,13.8,
29.07.2009,Jul-09,2009,13.56,
30.07.2009,Jul-09,2009,13.8,
31.07.2009,Jul-09,2009,13.75,
01.08.2009,Aug-09,2009,#N/A,
02.08.2009,Aug-09,2009,#N/A,
03.08.2009,Aug-09,2009,14.25,
04.08.2009,Aug-09,2009,14.45,
05.08.2009,Aug-09,2009,14.31,
06.08.2009,Aug-09,2009,14.3,
07.08.2009,Aug-09,2009,14.11,
08.08.2009,Aug-09,2009,#N/A,
09.08.2009,Aug-09,2009,#N/A,
10.08.2009,Aug-09,2009,14.11,
11.08.2009,Aug-09,2009,14.12,
12.08.2009,Aug-09,2009,14.24,
13.08.2009,Aug-09,2009,14.24,
14.08.2009,Aug-09,2009,14.33,
15.08.2009,Aug-09,2009,#N/A,
16.08.2009,Aug-09,2009,#N/A,
17.08.2009,Aug-09,2009,14.34,
18.08.2009,Aug-09,2009,14.6,
19.08.2009,Aug-09,2009,14.79,
20.08.2009,Aug-09,2009,15.1,
21.08.2009,Aug-09,2009,15.21,
22.08.2009,Aug-09,2009,#N/A,
23.08.2009,Aug-09,2009,#N/A,
24.08.2009,Aug-09,2009,15.18,
25.08.2009,Aug-09,2009,15.08,
26.08.2009,Aug-09,2009,15.1,
27.08.2009,Aug-09,2009,15.03,
28.08.2009,Aug-09,2009,15.11,
29.08.2009,Aug-09,2009,#N/A,
30.08.2009,Aug-09,2009,#N/A,
31.08.2009,Aug-09,2009,14.85,
01.09.2009,Sep-09,2009,14.73,
02.09.2009,Sep-09,2009,14.81,
03.09.2009,Sep-09,2009,15.24,
04.09.2009,Sep-09,2009,15.22,
05.09.2009,Sep-09,2009,#N/A,
06.09.2009,Sep-09,2009,#N/A,
07.09.2009,Sep-09,2009,15.22,
08.09.2009,Sep-09,2009,15.41,
09.09.2009,Sep-09,2009,15.1,
10.09.2009,Sep-09,2009,15.06,
11.09.2009,Sep-09,2009,14.48,
12.09.2009,Sep-09,2009,#N/A,
13.09.2009,Sep-09,2009,#N/A,
14.09.2009,Sep-09,2009,13.93,
15.09.2009,Sep-09,2009,14.14,
16.09.2009,Sep-09,2009,14.12,
17.09.2009,Sep-09,2009,13.6,
18.09.2009,Sep-09,2009,13.5,
19.09.2009,Sep-09,2009,#N/A,
20.09.2009,Sep-09,2009,#N/A,
21.09.2009,Sep-09,2009,13.76,
22.09.2009,Sep-09,2009,13.71,
23.09.2009,Sep-09,2009,13.22,
24.09.2009,Sep-09,2009,12.72,
25.09.2009,Sep-09,2009,13.02,
26.09.2009,Sep-09,2009,#N/A,
27.09.2009,Sep-09,2009,#N/A,
28.09.2009,Sep-09,2009,13.28,
29.09.2009,Sep-09,2009,13.07,
30.09.2009,Sep-09,2009,13.14,
01.10.2009,Oct-09,2009,13.22,
02.10.2009,Oct-09,2009,13,
03.10.2009,Oct-09,2009,#N/A,
04.10.2009,Oct-09,2009,#N/A,
05.10.2009,Oct-09,2009,13.09,
06.10.2009,Oct-09,2009,13.66,
07.10.2009,Oct-09,2009,13.66,
08.10.2009,Oct-09,2009,13.34,
09.10.2009,Oct-09,2009,13.65,
10.10.2009,Oct-09,2009,#N/A,
11.10.2009,Oct-09,2009,#N/A,
12.10.2009,Oct-09,2009,14.26,
13.10.2009,Oct-09,2009,14.31,
14.10.2009,Oct-09,2009,14.47,
15.10.2009,Oct-09,2009,14.23,
16.10.2009,Oct-09,2009,14.01,
17.10.2009,Oct-09,2009,#N/A,
18.10.2009,Oct-09,2009,#N/A,
19.10.2009,Oct-09,2009,14.14,
20.10.2009,Oct-09,2009,14.54,
21.10.2009,Oct-09,2009,14.93,
22.10.2009,Oct-09,2009,14.64,
23.10.2009,Oct-09,2009,14.34,
24.10.2009,Oct-09,2009,#N/A,
25.10.2009,Oct-09,2009,#N/A,
26.10.2009,Oct-09,2009,14.4,
27.10.2009,Oct-09,2009,14.33,
28.10.2009,Oct-09,2009,14.25,
29.10.2009,Oct-09,2009,14.63,
30.10.2009,Oct-09,2009,14.5,
31.10.2009,Oct-09,2009,#N/A,
01.11.2009,Nov-09,2009,#N/A,
02.11.2009,Nov-09,2009,14.47,
03.11.2009,Nov-09,2009,14.33,
04.11.2009,Nov-09,2009,14.4,
05.11.2009,Nov-09,2009,14.39,
06.11.2009,Nov-09,2009,14.12,
07.11.2009,Nov-09,2009,#N/A,
08.11.2009,Nov-09,2009,#N/A,
09.11.2009,Nov-09,2009,13.77,
10.11.2009,Nov-09,2009,13.88,
11.11.2009,Nov-09,2009,13.62,
12.11.2009,Nov-09,2009,13.2,
13.11.2009,Nov-09,2009,13.34,
14.11.2009,Nov-09,2009,#N/A,
15.11.2009,Nov-09,2009,#N/A,
16.11.2009,Nov-09,2009,13.66,
17.11.2009,Nov-09,2009,13.44,
18.11.2009,Nov-09,2009,13.38,
19.11.2009,Nov-09,2009,13.33,
20.11.2009,Nov-09,2009,13.07,
21.11.2009,Nov-09,2009,#N/A,
22.11.2009,Nov-09,2009,#N/A,
23.11.2009,Nov-09,2009,13.1,
24.11.2009,Nov-09,2009,12.58,
25.11.2009,Nov-09,2009,12.77,
26.11.2009,Nov-09,2009,13,
27.11.2009,Nov-09,2009,13.06,
28.11.2009,Nov-09,2009,#N/A,
29.11.2009,Nov-09,2009,#N/A,
30.11.2009,Nov-09,2009,13.14,
01.12.2009,Dec-09,2009,13.47,
02.12.2009,Dec-09,2009,13.58,
03.12.2009,Dec-09,2009,13.88,
04.12.2009,Dec-09,2009,14.06,
05.12.2009,Dec-09,2009,#N/A,
06.12.2009,Dec-09,2009,#N/A,
07.12.2009,Dec-09,2009,14.48,
08.12.2009,Dec-09,2009,14.2,
09.12.2009,Dec-09,2009,14.06,
10.12.2009,Dec-09,2009,14.14,
11.12.2009,Dec-09,2009,14.36,
12.12.2009,Dec-09,2009,#N/A,
13.12.2009,Dec-09,2009,#N/A,
14.12.2009,Dec-09,2009,14.44,
15.12.2009,Dec-09,2009,14.47,
16.12.2009,Dec-09,2009,14.22,
17.12.2009,Dec-09,2009,13.38,
18.12.2009,Dec-09,2009,13.4,
19.12.2009,Dec-09,2009,#N/A,
20.12.2009,Dec-09,2009,#N/A,
21.12.2009,Dec-09,2009,12.22,
22.12.2009,Dec-09,2009,12.39,
23.12.2009,Dec-09,2009,12.58,
24.12.2009,Dec-09,2009,#N/A,
25.12.2009,Dec-09,2009,#N/A,
26.12.2009,Dec-09,2009,#N/A,
27.12.2009,Dec-09,2009,#N/A,
28.12.2009,Dec-09,2009,12.5,
29.12.2009,Dec-09,2009,12.31,
30.12.2009,Dec-09,2009,12.36,
31.12.2009,Dec-09,2009,#N/A,
01.01.2010,Jan-10,2010,#N/A,
02.01.2010,Jan-10,2010,#N/A,
03.01.2010,Jan-10,2010,#N/A,
04.01.2010,Jan-10,2010,12.87,
05.01.2010,Jan-10,2010,12.55,
06.01.2010,Jan-10,2010,12.19,
07.01.2010,Jan-10,2010,12.39,
08.01.2010,Jan-10,2010,12.72,
09.01.2010,Jan-10,2010,#N/A,
10.01.2010,Jan-10,2010,#N/A,
11.01.2010,Jan-10,2010,13.02,
12.01.2010,Jan-10,2010,12.8,
13.01.2010,Jan-10,2010,12.65,
14.01.2010,Jan-10,2010,13.26,
15.01.2010,Jan-10,2010,13.08,
16.01.2010,Jan-10,2010,#N/A,
17.01.2010,Jan-10,2010,#N/A,
18.01.2010,Jan-10,2010,13.33,
19.01.2010,Jan-10,2010,13.41,
20.01.2010,Jan-10,2010,13.2,
21.01.2010,Jan-10,2010,13.09,
22.01.2010,Jan-10,2010,12.94,
23.01.2010,Jan-10,2010,#N/A,
24.01.2010,Jan-10,2010,#N/A,
25.01.2010,Jan-10,2010,13.16,
26.01.2010,Jan-10,2010,13.36,
27.01.2010,Jan-10,2010,13.3,
28.01.2010,Jan-10,2010,12.98,
29.01.2010,Jan-10,2010,12.87,
30.01.2010,Jan-10,2010,#N/A,
31.01.2010,Jan-10,2010,#N/A,
01.02.2010,Feb-10,2010,12.7,
02.02.2010,Feb-10,2010,12.54,
03.02.2010,Feb-10,2010,12.66,
04.02.2010,Feb-10,2010,12.92,
05.02.2010,Feb-10,2010,13.17,
06.02.2010,Feb-10,2010,#N/A,
07.02.2010,Feb-10,2010,#N/A,
08.02.2010,Feb-10,2010,13.42,
09.02.2010,Feb-10,2010,13.41,
10.02.2010,Feb-10,2010,13.15,
11.02.2010,Feb-10,2010,13.01,
12.02.2010,Feb-10,2010,12.83,
13.02.2010,Feb-10,2010,#N/A,
14.02.2010,Feb-10,2010,#N/A,
15.02.2010,Feb-10,2010,12.91,
16.02.2010,Feb-10,2010,13.14,
17.02.2010,Feb-10,2010,12.94,
18.02.2010,Feb-10,2010,12.71,
19.02.2010,Feb-10,2010,12.48,
20.02.2010,Feb-10,2010,#N/A,
21.02.2010,Feb-10,2010,#N/A,
22.02.2010,Feb-10,2010,12.6,
23.02.2010,Feb-10,2010,12.59,
24.02.2010,Feb-10,2010,12.88,
25.02.2010,Feb-10,2010,12.77,
26.02.2010,Feb-10,2010,12.83,
27.02.2010,Feb-10,2010,#N/A,
28.02.2010,Feb-10,2010,#N/A,
01.03.2010,Mar-10,2010,13.08,
02.03.2010,Mar-10,2010,13.15,
03.03.2010,Mar-10,2010,13.32,
04.03.2010,Mar-10,2010,13.13,
05.03.2010,Mar-10,2010,13.08,
06.03.2010,Mar-10,2010,#N/A,
07.03.2010,Mar-10,2010,#N/A,
08.03.2010,Mar-10,2010,13.04,
09.03.2010,Mar-10,2010,12.96,
10.03.2010,Mar-10,2010,13.09,
11.03.2010,Mar-10,2010,12.79,
12.03.2010,Mar-10,2010,12.7,
13.03.2010,Mar-10,2010,#N/A,
14.03.2010,Mar-10,2010,#N/A,
15.03.2010,Mar-10,2010,12.85,
16.03.2010,Mar-10,2010,12.91,
17.03.2010,Mar-10,2010,12.86,
18.03.2010,Mar-10,2010,12.96,
19.03.2010,Mar-10,2010,12.96,
20.03.2010,Mar-10,2010,#N/A,
21.03.2010,Mar-10,2010,#N/A,
22.03.2010,Mar-10,2010,13,
23.03.2010,Mar-10,2010,12.74,
24.03.2010,Mar-10,2010,12.5,
25.03.2010,Mar-10,2010,12.52,
26.03.2010,Mar-10,2010,12.69,
27.03.2010,Mar-10,2010,#N/A,
28.03.2010,Mar-10,2010,#N/A,
29.03.2010,Mar-10,2010,12.69,
30.03.2010,Mar-10,2010,12.59,
31.03.2010,Mar-10,2010,12.69,
01.04.2010,Apr-10,2010,12.82,
02.04.2010,Apr-10,2010,#N/A,
03.04.2010,Apr-10,2010,#N/A,
04.04.2010,Apr-10,2010,#N/A,
05.04.2010,Apr-10,2010,#N/A,
06.04.2010,Apr-10,2010,13.17,
07.04.2010,Apr-10,2010,13.33,
08.04.2010,Apr-10,2010,13.44,
09.04.2010,Apr-10,2010,13.51,
10.04.2010,Apr-10,2010,#N/A,
11.04.2010,Apr-10,2010,#N/A,
12.04.2010,Apr-10,2010,13.45,
13.04.2010,Apr-10,2010,13.45,
14.04.2010,Apr-10,2010,13.95,
15.04.2010,Apr-10,2010,14.01,
16.04.2010,Apr-10,2010,14.33,
17.04.2010,Apr-10,2010,#N/A,
18.04.2010,Apr-10,2010,#N/A,
19.04.2010,Apr-10,2010,14.51,
20.04.2010,Apr-10,2010,14.59,
21.04.2010,Apr-10,2010,14.53,
22.04.2010,Apr-10,2010,14.56,
23.04.2010,Apr-10,2010,14.61,
24.04.2010,Apr-10,2010,#N/A,
25.04.2010,Apr-10,2010,#N/A,
26.04.2010,Apr-10,2010,15.36,
27.04.2010,Apr-10,2010,15.44,
28.04.2010,Apr-10,2010,14.92,
29.04.2010,Apr-10,2010,15.31,
30.04.2010,Apr-10,2010,15.59,
01.05.2010,May-10,2010,#N/A,
02.05.2010,May-10,2010,#N/A,
03.05.2010,May-10,2010,16.28,
04.05.2010,May-10,2010,15.79,
05.05.2010,May-10,2010,15.56,
06.05.2010,May-10,2010,16.05,
07.05.2010,May-10,2010,15.58,
08.05.2010,May-10,2010,#N/A,
09.05.2010,May-10,2010,#N/A,
10.05.2010,May-10,2010,15.28,
11.05.2010,May-10,2010,15.27,
12.05.2010,May-10,2010,15.61,
13.05.2010,May-10,2010,#N/A,
14.05.2010,May-10,2010,15.71,
15.05.2010,May-10,2010,#N/A,
16.05.2010,May-10,2010,#N/A,
17.05.2010,May-10,2010,14.93,
18.05.2010,May-10,2010,15.11,
19.05.2010,May-10,2010,14.86,
20.05.2010,May-10,2010,14.27,
21.05.2010,May-10,2010,14.42,
22.05.2010,May-10,2010,#N/A,
23.05.2010,May-10,2010,#N/A,
24.05.2010,May-10,2010,#N/A,
25.05.2010,May-10,2010,14.96,
26.05.2010,May-10,2010,15.36,
27.05.2010,May-10,2010,15.39,
28.05.2010,May-10,2010,15,
29.05.2010,May-10,2010,#N/A,
30.05.2010,May-10,2010,#N/A,
31.05.2010,May-10,2010,14.95,
01.06.2010,Jun-10,2010,14.91,
02.06.2010,Jun-10,2010,15.07,
03.06.2010,Jun-10,2010,15.11,
04.06.2010,Jun-10,2010,15.2,
05.06.2010,Jun-10,2010,#N/A,
06.06.2010,Jun-10,2010,#N/A,
07.06.2010,Jun-10,2010,15.01,
08.06.2010,Jun-10,2010,15.35,
09.06.2010,Jun-10,2010,15.67,
10.06.2010,Jun-10,2010,15.48,
11.06.2010,Jun-10,2010,15.47,
12.06.2010,Jun-10,2010,#N/A,
13.06.2010,Jun-10,2010,#N/A,
14.06.2010,Jun-10,2010,15.7,
15.06.2010,Jun-10,2010,15.71,
16.06.2010,Jun-10,2010,15.52,
17.06.2010,Jun-10,2010,15.47,
18.06.2010,Jun-10,2010,15.68,
19.06.2010,Jun-10,2010,#N/A,
20.06.2010,Jun-10,2010,#N/A,
21.06.2010,Jun-10,2010,15.69,
22.06.2010,Jun-10,2010,15.27,
23.06.2010,Jun-10,2010,15.23,
24.06.2010,Jun-10,2010,15.21,
25.06.2010,Jun-10,2010,15.14,
26.06.2010,Jun-10,2010,#N/A,
27.06.2010,Jun-10,2010,#N/A,
28.06.2010,Jun-10,2010,15.26,
29.06.2010,Jun-10,2010,15.05,
30.06.2010,Jun-10,2010,15.08,
01.07.2010,Jul-10,2010,15.09,
02.07.2010,Jul-10,2010,15.17,
03.07.2010,Jul-10,2010,#N/A,
04.07.2010,Jul-10,2010,#N/A,
05.07.2010,Jul-10,2010,15.11,
06.07.2010,Jul-10,2010,15.14,
07.07.2010,Jul-10,2010,14.8,
08.07.2010,Jul-10,2010,14.44,
09.07.2010,Jul-10,2010,14.6,
10.07.2010,Jul-10,2010,#N/A,
11.07.2010,Jul-10,2010,#N/A,
12.07.2010,Jul-10,2010,14.05,
13.07.2010,Jul-10,2010,13.94,
14.07.2010,Jul-10,2010,13.6,
15.07.2010,Jul-10,2010,13.79,
16.07.2010,Jul-10,2010,14.28,
17.07.2010,Jul-10,2010,#N/A,
18.07.2010,Jul-10,2010,#N/A,
19.07.2010,Jul-10,2010,14.33,
20.07.2010,Jul-10,2010,14.19,
21.07.2010,Jul-10,2010,13.85,
22.07.2010,Jul-10,2010,14.09,
23.07.2010,Jul-10,2010,14.04,
24.07.2010,Jul-10,2010,#N/A,
25.07.2010,Jul-10,2010,#N/A,
26.07.2010,Jul-10,2010,13.66,
27.07.2010,Jul-10,2010,13.48,
28.07.2010,Jul-10,2010,13.58,
29.07.2010,Jul-10,2010,13.92,
30.07.2010,Jul-10,2010,13.96,
31.07.2010,Jul-10,2010,#N/A,
01.08.2010,Aug-10,2010,#N/A,
02.08.2010,Aug-10,2010,14.29,
03.08.2010,Aug-10,2010,14.34,
04.08.2010,Aug-10,2010,14.26,
05.08.2010,Aug-10,2010,14.26,
06.08.2010,Aug-10,2010,14.11,
07.08.2010,Aug-10,2010,#N/A,
08.08.2010,Aug-10,2010,#N/A,
09.08.2010,Aug-10,2010,14.32,
10.08.2010,Aug-10,2010,14.38,
11.08.2010,Aug-10,2010,14.33,
12.08.2010,Aug-10,2010,14.23,
13.08.2010,Aug-10,2010,14.4,
14.08.2010,Aug-10,2010,#N/A,
15.08.2010,Aug-10,2010,#N/A,
16.08.2010,Aug-10,2010,14.31,
17.08.2010,Aug-10,2010,14.39,
18.08.2010,Aug-10,2010,14.27,
19.08.2010,Aug-10,2010,14.61,
20.08.2010,Aug-10,2010,14.94,
21.08.2010,Aug-10,2010,#N/A,
22.08.2010,Aug-10,2010,#N/A,
23.08.2010,Aug-10,2010,14.84,
24.08.2010,Aug-10,2010,14.77,
25.08.2010,Aug-10,2010,15.23,
26.08.2010,Aug-10,2010,15.27,
27.08.2010,Aug-10,2010,15.18,
28.08.2010,Aug-10,2010,#N/A,
29.08.2010,Aug-10,2010,#N/A,
30.08.2010,Aug-10,2010,15.3,
31.08.2010,Aug-10,2010,15.26,
01.09.2010,Sep-10,2010,15.27,
02.09.2010,Sep-10,2010,15.66,
03.09.2010,Sep-10,2010,15.63,
04.09.2010,Sep-10,2010,#N/A,
05.09.2010,Sep-10,2010,#N/A,
06.09.2010,Sep-10,2010,15.67,
07.09.2010,Sep-10,2010,15.64,
08.09.2010,Sep-10,2010,15.61,
09.09.2010,Sep-10,2010,15.46,
10.09.2010,Sep-10,2010,15.13,
11.09.2010,Sep-10,2010,#N/A,
12.09.2010,Sep-10,2010,#N/A,
13.09.2010,Sep-10,2010,15.31,
14.09.2010,Sep-10,2010,15.18,
15.09.2010,Sep-10,2010,15.32,
16.09.2010,Sep-10,2010,15.17,
17.09.2010,Sep-10,2010,15.2,
18.09.2010,Sep-10,2010,#N/A,
19.09.2010,Sep-10,2010,#N/A,
20.09.2010,Sep-10,2010,15,
21.09.2010,Sep-10,2010,14.78,
22.09.2010,Sep-10,2010,14.93,
23.09.2010,Sep-10,2010,14.82,
24.09.2010,Sep-10,2010,15.19,
25.09.2010,Sep-10,2010,#N/A,
26.09.2010,Sep-10,2010,#N/A,
27.09.2010,Sep-10,2010,15.27,
28.09.2010,Sep-10,2010,15.57,
29.09.2010,Sep-10,2010,15.57,
30.09.2010,Sep-10,2010,15.45,
01.10.2010,Oct-10,2010,15.22,
02.10.2010,Oct-10,2010,#N/A,
03.10.2010,Oct-10,2010,#N/A,
04.10.2010,Oct-10,2010,15.23,
05.10.2010,Oct-10,2010,15.44,
06.10.2010,Oct-10,2010,15.51,
07.10.2010,Oct-10,2010,15.43,
08.10.2010,Oct-10,2010,15.52,
09.10.2010,Oct-10,2010,#N/A,
10.10.2010,Oct-10,2010,#N/A,
11.10.2010,Oct-10,2010,15.67,
12.10.2010,Oct-10,2010,15.65,
13.10.2010,Oct-10,2010,15.68,
14.10.2010,Oct-10,2010,15.48,
15.10.2010,Oct-10,2010,15.44,
16.10.2010,Oct-10,2010,#N/A,
17.10.2010,Oct-10,2010,#N/A,
18.10.2010,Oct-10,2010,15.27,
19.10.2010,Oct-10,2010,15.12,
20.10.2010,Oct-10,2010,15.01,
21.10.2010,Oct-10,2010,14.98,
22.10.2010,Oct-10,2010,14.91,
23.10.2010,Oct-10,2010,#N/A,
24.10.2010,Oct-10,2010,#N/A,
25.10.2010,Oct-10,2010,15.15,
26.10.2010,Oct-10,2010,15.01,
27.10.2010,Oct-10,2010,15,
28.10.2010,Oct-10,2010,14.86,
29.10.2010,Oct-10,2010,14.63,
30.10.2010,Oct-10,2010,#N/A,
31.10.2010,Oct-10,2010,#N/A,
01.11.2010,Nov-10,2010,14.62,
02.11.2010,Nov-10,2010,14.65,
03.11.2010,Nov-10,2010,14.76,
04.11.2010,Nov-10,2010,14.41,
05.11.2010,Nov-10,2010,14.43,
06.11.2010,Nov-10,2010,#N/A,
07.11.2010,Nov-10,2010,#N/A,
08.11.2010,Nov-10,2010,14.19,
09.11.2010,Nov-10,2010,14.26,
10.11.2010,Nov-10,2010,14.49,
11.11.2010,Nov-10,2010,14.78,
12.11.2010,Nov-10,2010,14.91,
13.11.2010,Nov-10,2010,#N/A,
14.11.2010,Nov-10,2010,#N/A,
15.11.2010,Nov-10,2010,15.05,
16.11.2010,Nov-10,2010,14.68,
17.11.2010,Nov-10,2010,14.89,
18.11.2010,Nov-10,2010,14.98,
19.11.2010,Nov-10,2010,14.9,
20.11.2010,Nov-10,2010,#N/A,
21.11.2010,Nov-10,2010,#N/A,
22.11.2010,Nov-10,2010,15.06,
23.11.2010,Nov-10,2010,14.95,
24.11.2010,Nov-10,2010,15.15,
25.11.2010,Nov-10,2010,15.08,
26.11.2010,Nov-10,2010,15.02,
27.11.2010,Nov-10,2010,#N/A,
28.11.2010,Nov-10,2010,#N/A,
29.11.2010,Nov-10,2010,14.96,
30.11.2010,Nov-10,2010,14.66,
01.12.2010,Dec-10,2010,14.84,
02.12.2010,Dec-10,2010,14.82,
03.12.2010,Dec-10,2010,14.68,
04.12.2010,Dec-10,2010,#N/A,
05.12.2010,Dec-10,2010,#N/A,
06.12.2010,Dec-10,2010,14.81,
07.12.2010,Dec-10,2010,14.73,
08.12.2010,Dec-10,2010,14.63,
09.12.2010,Dec-10,2010,14.53,
10.12.2010,Dec-10,2010,14.51,
11.12.2010,Dec-10,2010,#N/A,
12.12.2010,Dec-10,2010,#N/A,
13.12.2010,Dec-10,2010,14.51,
14.12.2010,Dec-10,2010,14.42,
15.12.2010,Dec-10,2010,14.24,
16.12.2010,Dec-10,2010,14.27,
17.12.2010,Dec-10,2010,13.96,
18.12.2010,Dec-10,2010,#N/A,
19.12.2010,Dec-10,2010,#N/A,
20.12.2010,Dec-10,2010,13.72,
21.12.2010,Dec-10,2010,13.85,
22.12.2010,Dec-10,2010,13.96,
23.12.2010,Dec-10,2010,13.78,
24.12.2010,Dec-10,2010,#N/A,
25.12.2010,Dec-10,2010,#N/A,
26.12.2010,Dec-10,2010,#N/A,
27.12.2010,Dec-10,2010,13.65,
28.12.2010,Dec-10,2010,13.7,
29.12.2010,Dec-10,2010,13.86,
30.12.2010,Dec-10,2010,13.8,
31.12.2010,Dec-10,2010,#N/A,
01.01.2011,Jan-11,2011,#N/A,
02.01.2011,Jan-11,2011,#N/A,
03.01.2011,Jan-11,2011,13.8,
04.01.2011,Jan-11,2011,14.05,
05.01.2011,Jan-11,2011,14.19,
06.01.2011,Jan-11,2011,14.4,
07.01.2011,Jan-11,2011,14.34,
08.01.2011,Jan-11,2011,#N/A,
09.01.2011,Jan-11,2011,#N/A,
10.01.2011,Jan-11,2011,14.13,
11.01.2011,Jan-11,2011,13.99,
12.01.2011,Jan-11,2011,13.89,
13.01.2011,Jan-11,2011,13.99,
14.01.2011,Jan-11,2011,14.08,
15.01.2011,Jan-11,2011,#N/A,
16.01.2011,Jan-11,2011,#N/A,
17.01.2011,Jan-11,2011,14.23,
18.01.2011,Jan-11,2011,14.27,
19.01.2011,Jan-11,2011,14.21,
20.01.2011,Jan-11,2011,14.11,
21.01.2011,Jan-11,2011,14.19,
22.01.2011,Jan-11,2011,#N/A,
23.01.2011,Jan-11,2011,#N/A,
24.01.2011,Jan-11,2011,14.3,
25.01.2011,Jan-11,2011,14.39,
26.01.2011,Jan-11,2011,14.73,
27.01.2011,Jan-11,2011,14.42,
28.01.2011,Jan-11,2011,14.42,
29.01.2011,Jan-11,2011,#N/A,
30.01.2011,Jan-11,2011,#N/A,
31.01.2011,Jan-11,2011,14.57,
01.02.2011,Feb-11,2011,14.51,
02.02.2011,Feb-11,2011,14.7,
03.02.2011,Feb-11,2011,14.43,
04.02.2011,Feb-11,2011,14.35,
05.02.2011,Feb-11,2011,#N/A,
06.02.2011,Feb-11,2011,#N/A,
07.02.2011,Feb-11,2011,14.28,
08.02.2011,Feb-11,2011,14.44,
09.02.2011,Feb-11,2011,14.45,
10.02.2011,Feb-11,2011,14.4,
11.02.2011,Feb-11,2011,14.48,
12.02.2011,Feb-11,2011,#N/A,
13.02.2011,Feb-11,2011,#N/A,
14.02.2011,Feb-11,2011,14.45,
15.02.2011,Feb-11,2011,14.46,
16.02.2011,Feb-11,2011,14.51,
17.02.2011,Feb-11,2011,14.58,
18.02.2011,Feb-11,2011,14.7,
19.02.2011,Feb-11,2011,#N/A,
20.02.2011,Feb-11,2011,#N/A,
21.02.2011,Feb-11,2011,14.74,
22.02.2011,Feb-11,2011,14.99,
23.02.2011,Feb-11,2011,14.9,
24.02.2011,Feb-11,2011,14.95,
25.02.2011,Feb-11,2011,14.98,
26.02.2011,Feb-11,2011,#N/A,
27.02.2011,Feb-11,2011,#N/A,
28.02.2011,Feb-11,2011,15.03,
01.03.2011,Mar-11,2011,14.95,
02.03.2011,Mar-11,2011,15.1,
03.03.2011,Mar-11,2011,14.85,
04.03.2011,Mar-11,2011,15.44,
05.03.2011,Mar-11,2011,#N/A,
06.03.2011,Mar-11,2011,#N/A,
07.03.2011,Mar-11,2011,14.9,
08.03.2011,Mar-11,2011,14.9,
09.03.2011,Mar-11,2011,14.9,
10.03.2011,Mar-11,2011,15.43,
11.03.2011,Mar-11,2011,15.42,
12.03.2011,Mar-11,2011,#N/A,
13.03.2011,Mar-11,2011,#N/A,
14.03.2011,Mar-11,2011,15.03,
15.03.2011,Mar-11,2011,16.3,
16.03.2011,Mar-11,2011,16.4,
17.03.2011,Mar-11,2011,16.23,
18.03.2011,Mar-11,2011,16.1,
19.03.2011,Mar-11,2011,#N/A,
20.03.2011,Mar-11,2011,#N/A,
21.03.2011,Mar-11,2011,16.1,
22.03.2011,Mar-11,2011,16.1,
23.03.2011,Mar-11,2011,16.25,
24.03.2011,Mar-11,2011,16.05,
25.03.2011,Mar-11,2011,16.4,
26.03.2011,Mar-11,2011,#N/A,
27.03.2011,Mar-11,2011,#N/A,
28.03.2011,Mar-11,2011,16.55,
29.03.2011,Mar-11,2011,16.4,
30.03.2011,Mar-11,2011,16.2,
31.03.2011,Mar-11,2011,16.45,
01.04.2011,Apr-11,2011,16.83,
02.04.2011,Apr-11,2011,#N/A,
03.04.2011,Apr-11,2011,#N/A,
04.04.2011,Apr-11,2011,16.59,
05.04.2011,Apr-11,2011,16.28,
06.04.2011,Apr-11,2011,16.43,
07.04.2011,Apr-11,2011,16.45,
08.04.2011,Apr-11,2011,16.43,
09.04.2011,Apr-11,2011,#N/A,
10.04.2011,Apr-11,2011,#N/A,
11.04.2011,Apr-11,2011,16.18,
12.04.2011,Apr-11,2011,16.15,
13.04.2011,Apr-11,2011,16.03,
14.04.2011,Apr-11,2011,16.1,
15.04.2011,Apr-11,2011,16.45,
16.04.2011,Apr-11,2011,#N/A,
17.04.2011,Apr-11,2011,#N/A,
18.04.2011,Apr-11,2011,16.17,
19.04.2011,Apr-11,2011,16.11,
20.04.2011,Apr-11,2011,16.2,
21.04.2011,Apr-11,2011,16.21,
22.04.2011,Apr-11,2011,#N/A,
23.04.2011,Apr-11,2011,#N/A,
24.04.2011,Apr-11,2011,#N/A,
25.04.2011,Apr-11,2011,#N/A,
26.04.2011,Apr-11,2011,16.1,
27.04.2011,Apr-11,2011,16.23,
28.04.2011,Apr-11,2011,16.49,
29.04.2011,Apr-11,2011,16.39,
30.04.2011,Apr-11,2011,#N/A,
01.05.2011,May-11,2011,#N/A,
02.05.2011,May-11,2011,16.5,
03.05.2011,May-11,2011,16.7,
04.05.2011,May-11,2011,16.73,
05.05.2011,May-11,2011,16.69,
06.05.2011,May-11,2011,16.45,
07.05.2011,May-11,2011,#N/A,
08.05.2011,May-11,2011,#N/A,
09.05.2011,May-11,2011,16.6,
10.05.2011,May-11,2011,16.59,
11.05.2011,May-11,2011,16.57,
12.05.2011,May-11,2011,16.41,
13.05.2011,May-11,2011,16.46,
14.05.2011,May-11,2011,#N/A,
15.05.2011,May-11,2011,#N/A,
16.05.2011,May-11,2011,16.4,
17.05.2011,May-11,2011,16.43,
18.05.2011,May-11,2011,16.17,
19.05.2011,May-11,2011,16.18,
20.05.2011,May-11,2011,16.03,
21.05.2011,May-11,2011,#N/A,
22.05.2011,May-11,2011,#N/A,
23.05.2011,May-11,2011,15.88,
24.05.2011,May-11,2011,15.98,
25.05.2011,May-11,2011,15.85,
26.05.2011,May-11,2011,16.02,
27.05.2011,May-11,2011,16.41,
28.05.2011,May-11,2011,#N/A,
29.05.2011,May-11,2011,#N/A,
30.05.2011,May-11,2011,16.83,
31.05.2011,May-11,2011,16.84,
01.06.2011,Jun-11,2011,16.63,
02.06.2011,Jun-11,2011,#N/A,
03.06.2011,Jun-11,2011,16.51,
04.06.2011,Jun-11,2011,#N/A,
05.06.2011,Jun-11,2011,#N/A,
06.06.2011,Jun-11,2011,16.45,
07.06.2011,Jun-11,2011,16.38,
08.06.2011,Jun-11,2011,16.22,
09.06.2011,Jun-11,2011,16.37,
10.06.2011,Jun-11,2011,16.31,
11.06.2011,Jun-11,2011,#N/A,
12.06.2011,Jun-11,2011,#N/A,
13.06.2011,Jun-11,2011,#N/A,
14.06.2011,Jun-11,2011,16.15,
15.06.2011,Jun-11,2011,16.03,
16.06.2011,Jun-11,2011,15.83,
17.06.2011,Jun-11,2011,15.34,
18.06.2011,Jun-11,2011,#N/A,
19.06.2011,Jun-11,2011,#N/A,
20.06.2011,Jun-11,2011,14.98,
21.06.2011,Jun-11,2011,14.54,
22.06.2011,Jun-11,2011,14.53,
23.06.2011,Jun-11,2011,13.25,
24.06.2011,Jun-11,2011,12.35,
25.06.2011,Jun-11,2011,#N/A,
26.06.2011,Jun-11,2011,#N/A,
27.06.2011,Jun-11,2011,12.82,
28.06.2011,Jun-11,2011,13.36,
29.06.2011,Jun-11,2011,13.03,
30.06.2011,Jun-11,2011,13.3,
01.07.2011,Jul-11,2011,13.13,
02.07.2011,Jul-11,2011,#N/A,
03.07.2011,Jul-11,2011,#N/A,
04.07.2011,Jul-11,2011,13.17,
05.07.2011,Jul-11,2011,13.4,
06.07.2011,Jul-11,2011,13.08,
07.07.2011,Jul-11,2011,12.87,
08.07.2011,Jul-11,2011,12.5,
09.07.2011,Jul-11,2011,#N/A,
10.07.2011,Jul-11,2011,#N/A,
11.07.2011,Jul-11,2011,11.89,
12.07.2011,Jul-11,2011,12.24,
13.07.2011,Jul-11,2011,11.84,
14.07.2011,Jul-11,2011,12.15,
15.07.2011,Jul-11,2011,12.27,
16.07.2011,Jul-11,2011,#N/A,
17.07.2011,Jul-11,2011,#N/A,
18.07.2011,Jul-11,2011,12.04,
19.07.2011,Jul-11,2011,12.18,
20.07.2011,Jul-11,2011,12.56,
21.07.2011,Jul-11,2011,12.92,
22.07.2011,Jul-11,2011,12.78,
23.07.2011,Jul-11,2011,#N/A,
24.07.2011,Jul-11,2011,#N/A,
25.07.2011,Jul-11,2011,12.74,
26.07.2011,Jul-11,2011,12.68,
27.07.2011,Jul-11,2011,12.25,
28.07.2011,Jul-11,2011,12.33,
29.07.2011,Jul-11,2011,12.09,
30.07.2011,Jul-11,2011,#N/A,
31.07.2011,Jul-11,2011,#N/A,
01.08.2011,Aug-11,2011,11.9,
02.08.2011,Aug-11,2011,11.55,
03.08.2011,Aug-11,2011,11.24,
04.08.2011,Aug-11,2011,11.17,
05.08.2011,Aug-11,2011,10.76,
06.08.2011,Aug-11,2011,#N/A,
07.08.2011,Aug-11,2011,#N/A,
08.08.2011,Aug-11,2011,10.57,
09.08.2011,Aug-11,2011,11.22,
10.08.2011,Aug-11,2011,11.43,
11.08.2011,Aug-11,2011,12.1,
12.08.2011,Aug-11,2011,12.28,
13.08.2011,Aug-11,2011,#N/A,
14.08.2011,Aug-11,2011,#N/A,
15.08.2011,Aug-11,2011,12.34,
16.08.2011,Aug-11,2011,12.19,
17.08.2011,Aug-11,2011,12.64,
18.08.2011,Aug-11,2011,12.18,
19.08.2011,Aug-11,2011,12.32,
20.08.2011,Aug-11,2011,#N/A,
21.08.2011,Aug-11,2011,#N/A,
22.08.2011,Aug-11,2011,12.4,
23.08.2011,Aug-11,2011,12.7,
24.08.2011,Aug-11,2011,13.02,
25.08.2011,Aug-11,2011,12.84,
26.08.2011,Aug-11,2011,13.02,
27.08.2011,Aug-11,2011,#N/A,
28.08.2011,Aug-11,2011,#N/A,
29.08.2011,Aug-11,2011,13.05,
30.08.2011,Aug-11,2011,13.25,
31.08.2011,Aug-11,2011,12.81,
01.09.2011,Sep-11,2011,12.71,
02.09.2011,Sep-11,2011,12.42,
03.09.2011,Sep-11,2011,#N/A,
04.09.2011,Sep-11,2011,#N/A,
05.09.2011,Sep-11,2011,12.26,
06.09.2011,Sep-11,2011,12.04,
07.09.2011,Sep-11,2011,12.29,
08.09.2011,Sep-11,2011,12.15,
09.09.2011,Sep-11,2011,11.76,
10.09.2011,Sep-11,2011,#N/A,
11.09.2011,Sep-11,2011,#N/A,
12.09.2011,Sep-11,2011,11.76,
13.09.2011,Sep-11,2011,11.89,
14.09.2011,Sep-11,2011,12.06,
15.09.2011,Sep-11,2011,12.23,
16.09.2011,Sep-11,2011,12.01,
17.09.2011,Sep-11,2011,#N/A,
18.09.2011,Sep-11,2011,#N/A,
19.09.2011,Sep-11,2011,11.7,
20.09.2011,Sep-11,2011,11.78,
21.09.2011,Sep-11,2011,11.69,
22.09.2011,Sep-11,2011,11.24,
23.09.2011,Sep-11,2011,11.3,
24.09.2011,Sep-11,2011,#N/A,
25.09.2011,Sep-11,2011,#N/A,
26.09.2011,Sep-11,2011,10.75,
27.09.2011,Sep-11,2011,10.71,
28.09.2011,Sep-11,2011,10.39,
29.09.2011,Sep-11,2011,10.81,
30.09.2011,Sep-11,2011,10.61,
01.10.2011,Oct-11,2011,#N/A,
02.10.2011,Oct-11,2011,#N/A,
03.10.2011,Oct-11,2011,#N/A,
04.10.2011,Oct-11,2011,10.03,
05.10.2011,Oct-11,2011,10.12,
06.10.2011,Oct-11,2011,10.4,
07.10.2011,Oct-11,2011,10.37,
08.10.2011,Oct-11,2011,#N/A,
09.10.2011,Oct-11,2011,#N/A,
10.10.2011,Oct-11,2011,10.64,
11.10.2011,Oct-11,2011,10.6,
12.10.2011,Oct-11,2011,10.63,
13.10.2011,Oct-11,2011,10.21,
14.10.2011,Oct-11,2011,10.32,
15.10.2011,Oct-11,2011,#N/A,
16.10.2011,Oct-11,2011,#N/A,
17.10.2011,Oct-11,2011,10.27,
18.10.2011,Oct-11,2011,10.22,
19.10.2011,Oct-11,2011,9.95,
20.10.2011,Oct-11,2011,10.11,
21.10.2011,Oct-11,2011,10.3,
22.10.2011,Oct-11,2011,#N/A,
23.10.2011,Oct-11,2011,#N/A,
24.10.2011,Oct-11,2011,10.45,
25.10.2011,Oct-11,2011,10.34,
26.10.2011,Oct-11,2011,10.06,
27.10.2011,Oct-11,2011,10.35,
28.10.2011,Oct-11,2011,10.34,
29.10.2011,Oct-11,2011,#N/A,
30.10.2011,Oct-11,2011,#N/A,
31.10.2011,Oct-11,2011,10.11,
01.11.2011,Nov-11,2011,9.84,
02.11.2011,Nov-11,2011,9.45,
03.11.2011,Nov-11,2011,9.63,
04.11.2011,Nov-11,2011,9.36,
05.11.2011,Nov-11,2011,#N/A,
06.11.2011,Nov-11,2011,#N/A,
07.11.2011,Nov-11,2011,9.74,
08.11.2011,Nov-11,2011,10.03,
09.11.2011,Nov-11,2011,9.83,
10.11.2011,Nov-11,2011,9.68,
11.11.2011,Nov-11,2011,10.07,
12.11.2011,Nov-11,2011,#N/A,
13.11.2011,Nov-11,2011,#N/A,
14.11.2011,Nov-11,2011,10.03,
15.11.2011,Nov-11,2011,10.05,
16.11.2011,Nov-11,2011,9.84,
17.11.2011,Nov-11,2011,9.64,
18.11.2011,Nov-11,2011,9.31,
19.11.2011,Nov-11,2011,#N/A,
20.11.2011,Nov-11,2011,#N/A,
21.11.2011,Nov-11,2011,8.88,
22.11.2011,Nov-11,2011,9.07,
23.11.2011,Nov-11,2011,8.43,
24.11.2011,Nov-11,2011,7.86,
25.11.2011,Nov-11,2011,7.72,
26.11.2011,Nov-11,2011,#N/A,
27.11.2011,Nov-11,2011,#N/A,
28.11.2011,Nov-11,2011,7.96,
29.11.2011,Nov-11,2011,7.86,
30.11.2011,Nov-11,2011,8.31,
01.12.2011,Dec-11,2011,7.97,
02.12.2011,Dec-11,2011,7.8,
03.12.2011,Dec-11,2011,#N/A,
04.12.2011,Dec-11,2011,#N/A,
05.12.2011,Dec-11,2011,7.4,
06.12.2011,Dec-11,2011,7.4,
07.12.2011,Dec-11,2011,7.18,
08.12.2011,Dec-11,2011,7.66,
09.12.2011,Dec-11,2011,7.81,
10.12.2011,Dec-11,2011,#N/A,
11.12.2011,Dec-11,2011,#N/A,
12.12.2011,Dec-11,2011,7.5,
13.12.2011,Dec-11,2011,7.05,
14.12.2011,Dec-11,2011,6.5,
15.12.2011,Dec-11,2011,6.78,
16.12.2011,Dec-11,2011,6.8,
17.12.2011,Dec-11,2011,#N/A,
18.12.2011,Dec-11,2011,#N/A,
19.12.2011,Dec-11,2011,7.05,
20.12.2011,Dec-11,2011,8.5,
21.12.2011,Dec-11,2011,7.96,
22.12.2011,Dec-11,2011,7.66,
23.12.2011,Dec-11,2011,7.67,
24.12.2011,Dec-11,2011,#N/A,
25.12.2011,Dec-11,2011,#N/A,
26.12.2011,Dec-11,2011,#N/A,
27.12.2011,Dec-11,2011,7.75,
28.12.2011,Dec-11,2011,7.39,
29.12.2011,Dec-11,2011,6.9,
30.12.2011,Dec-11,2011,6.76,
31.12.2011,Dec-11,2011,#N/A,
01.01.2012,Jan-12,2012,#N/A,
02.01.2012,Jan-12,2012,6.76,
03.01.2012,Jan-12,2012,6.26,
04.01.2012,Jan-12,2012,6.23,
05.01.2012,Jan-12,2012,6.5,
06.01.2012,Jan-12,2012,6.29,
07.01.2012,Jan-12,2012,#N/A,
08.01.2012,Jan-12,2012,#N/A,
09.01.2012,Jan-12,2012,6.4,
10.01.2012,Jan-12,2012,6.84,
11.01.2012,Jan-12,2012,6.77,
12.01.2012,Jan-12,2012,6.9,
13.01.2012,Jan-12,2012,6.73,
14.01.2012,Jan-12,2012,#N/A,
15.01.2012,Jan-12,2012,#N/A,
16.01.2012,Jan-12,2012,6.46,
17.01.2012,Jan-12,2012,6.47,
18.01.2012,Jan-12,2012,6.59,
19.01.2012,Jan-12,2012,7.06,
20.01.2012,Jan-12,2012,7.01,
21.01.2012,Jan-12,2012,#N/A,
22.01.2012,Jan-12,2012,#N/A,
23.01.2012,Jan-12,2012,6.87,
24.01.2012,Jan-12,2012,7.35,
25.01.2012,Jan-12,2012,7.38,
26.01.2012,Jan-12,2012,7.42,
27.01.2012,Jan-12,2012,7.87,
28.01.2012,Jan-12,2012,#N/A,
29.01.2012,Jan-12,2012,#N/A,
30.01.2012,Jan-12,2012,7.67,
31.01.2012,Jan-12,2012,7.82,
01.02.2012,Feb-12,2012,8.25,
02.02.2012,Feb-12,2012,8.53,
03.02.2012,Feb-12,2012,8.3,
04.02.2012,Feb-12,2012,#N/A,
05.02.2012,Feb-12,2012,#N/A,
06.02.2012,Feb-12,2012,8.5,
07.02.2012,Feb-12,2012,8.53,
08.02.2012,Feb-12,2012,8.14,
09.02.2012,Feb-12,2012,7.83,
10.02.2012,Feb-12,2012,7.72,
11.02.2012,Feb-12,2012,#N/A,
12.02.2012,Feb-12,2012,#N/A,
13.02.2012,Feb-12,2012,7.45,
14.02.2012,Feb-12,2012,7.89,
15.02.2012,Feb-12,2012,8.15,
16.02.2012,Feb-12,2012,8.79,
17.02.2012,Feb-12,2012,9.05,
18.02.2012,Feb-12,2012,#N/A,
19.02.2012,Feb-12,2012,#N/A,
20.02.2012,Feb-12,2012,8.53,
21.02.2012,Feb-12,2012,8.97,
22.02.2012,Feb-12,2012,8.94,
23.02.2012,Feb-12,2012,8.63,
24.02.2012,Feb-12,2012,9.19,
25.02.2012,Feb-12,2012,#N/A,
26.02.2012,Feb-12,2012,#N/A,
27.02.2012,Feb-12,2012,9.31,
28.02.2012,Feb-12,2012,8.84,
29.02.2012,Feb-12,2012,8.33,
01.03.2012,Mar-12,2012,8.64,
02.03.2012,Mar-12,2012,8.83,
03.03.2012,Mar-12,2012,#N/A,
04.03.2012,Mar-12,2012,#N/A,
05.03.2012,Mar-12,2012,8.64,
06.03.2012,Mar-12,2012,8.31,
07.03.2012,Mar-12,2012,8.36,
08.03.2012,Mar-12,2012,8.22,
09.03.2012,Mar-12,2012,7.88,
10.03.2012,Mar-12,2012,#N/A,
11.03.2012,Mar-12,2012,#N/A,
12.03.2012,Mar-12,2012,7.64,
13.03.2012,Mar-12,2012,7.6,
14.03.2012,Mar-12,2012,7.9,
15.03.2012,Mar-12,2012,7.65,
16.03.2012,Mar-12,2012,7.59,
17.03.2012,Mar-12,2012,#N/A,
18.03.2012,Mar-12,2012,#N/A,
19.03.2012,Mar-12,2012,7.59,
20.03.2012,Mar-12,2012,7.17,
21.03.2012,Mar-12,2012,7.29,
22.03.2012,Mar-12,2012,6.71,
23.03.2012,Mar-12,2012,6.87,
24.03.2012,Mar-12,2012,#N/A,
25.03.2012,Mar-12,2012,#N/A,
26.03.2012,Mar-12,2012,6.83,
27.03.2012,Mar-12,2012,7.12,
28.03.2012,Mar-12,2012,7.05,
29.03.2012,Mar-12,2012,6.73,
30.03.2012,Mar-12,2012,6.98,
31.03.2012,Mar-12,2012,#N/A,
01.04.2012,Apr-12,2012,#N/A,
02.04.2012,Apr-12,2012,6.22,
03.04.2012,Apr-12,2012,6.35,
04.04.2012,Apr-12,2012,6.06,
05.04.2012,Apr-12,2012,6.68,
06.04.2012,Apr-12,2012,#N/A,
07.04.2012,Apr-12,2012,#N/A,
08.04.2012,Apr-12,2012,#N/A,
09.04.2012,Apr-12,2012,#N/A,
10.04.2012,Apr-12,2012,6.77,
11.04.2012,Apr-12,2012,6.93,
12.04.2012,Apr-12,2012,7.06,
13.04.2012,Apr-12,2012,7.15,
14.04.2012,Apr-12,2012,#N/A,
15.04.2012,Apr-12,2012,#N/A,
16.04.2012,Apr-12,2012,6.79,
17.04.2012,Apr-12,2012,7.05,
18.04.2012,Apr-12,2012,7.19,
19.04.2012,Apr-12,2012,7.32,
20.04.2012,Apr-12,2012,7.32,
21.04.2012,Apr-12,2012,#N/A,
22.04.2012,Apr-12,2012,#N/A,
23.04.2012,Apr-12,2012,7.07,
24.04.2012,Apr-12,2012,7.09,
25.04.2012,Apr-12,2012,7.03,
26.04.2012,Apr-12,2012,7.22,
27.04.2012,Apr-12,2012,7.25,
28.04.2012,Apr-12,2012,#N/A,
29.04.2012,Apr-12,2012,#N/A,
30.04.2012,Apr-12,2012,7.52,
01.05.2012,May-12,2012,#N/A,
02.05.2012,May-12,2012,7.14,
03.05.2012,May-12,2012,7.04,
04.05.2012,May-12,2012,6.6,
05.05.2012,May-12,2012,#N/A,
06.05.2012,May-12,2012,#N/A,
07.05.2012,May-12,2012,6.65,
08.05.2012,May-12,2012,6.73,
09.05.2012,May-12,2012,6.67,
10.05.2012,May-12,2012,6.66,
11.05.2012,May-12,2012,6.75,
12.05.2012,May-12,2012,#N/A,
13.05.2012,May-12,2012,#N/A,
14.05.2012,May-12,2012,6.59,
15.05.2012,May-12,2012,6.45,
16.05.2012,May-12,2012,6.49,
17.05.2012,May-12,2012,#N/A,
18.05.2012,May-12,2012,6.37,
19.05.2012,May-12,2012,#N/A,
20.05.2012,May-12,2012,#N/A,
21.05.2012,May-12,2012,6.61,
22.05.2012,May-12,2012,6.89,
23.05.2012,May-12,2012,6.69,
24.05.2012,May-12,2012,6.79,
25.05.2012,May-12,2012,6.81,
26.05.2012,May-12,2012,#N/A,
27.05.2012,May-12,2012,#N/A,
28.05.2012,May-12,2012,#N/A,
29.05.2012,May-12,2012,6.53,
30.05.2012,May-12,2012,6.39,
31.05.2012,May-12,2012,6.27,
01.06.2012,Jun-12,2012,6.36,
02.06.2012,Jun-12,2012,#N/A,
03.06.2012,Jun-12,2012,#N/A,
04.06.2012,Jun-12,2012,6.41,
05.06.2012,Jun-12,2012,6.36,
06.06.2012,Jun-12,2012,6.35,
07.06.2012,Jun-12,2012,6.35,
08.06.2012,Jun-12,2012,6.47,
09.06.2012,Jun-12,2012,#N/A,
10.06.2012,Jun-12,2012,#N/A,
11.06.2012,Jun-12,2012,6.57,
12.06.2012,Jun-12,2012,6.63,
13.06.2012,Jun-12,2012,6.7,
14.06.2012,Jun-12,2012,6.65,
15.06.2012,Jun-12,2012,6.65,
16.06.2012,Jun-12,2012,#N/A,
17.06.2012,Jun-12,2012,#N/A,
18.06.2012,Jun-12,2012,7.32,
19.06.2012,Jun-12,2012,7.5,
20.06.2012,Jun-12,2012,7.4,
21.06.2012,Jun-12,2012,7.45,
22.06.2012,Jun-12,2012,8.06,
23.06.2012,Jun-12,2012,#N/A,
24.06.2012,Jun-12,2012,#N/A,
25.06.2012,Jun-12,2012,7.94,
26.06.2012,Jun-12,2012,7.96,
27.06.2012,Jun-12,2012,7.88,
28.06.2012,Jun-12,2012,7.89,
29.06.2012,Jun-12,2012,8.19,
30.06.2012,Jun-12,2012,#N/A,
01.07.2012,Jul-12,2012,#N/A,
02.07.2012,Jul-12,2012,8.03,
03.07.2012,Jul-12,2012,8.24,
04.07.2012,Jul-12,2012,8.22,
05.07.2012,Jul-12,2012,8.28,
06.07.2012,Jul-12,2012,7.97,
07.07.2012,Jul-12,2012,#N/A,
08.07.2012,Jul-12,2012,#N/A,
09.07.2012,Jul-12,2012,7.92,
10.07.2012,Jul-12,2012,7.88,
11.07.2012,Jul-12,2012,7.83,
12.07.2012,Jul-12,2012,7.61,
13.07.2012,Jul-12,2012,7.56,
14.07.2012,Jul-12,2012,#N/A,
15.07.2012,Jul-12,2012,#N/A,
16.07.2012,Jul-12,2012,7.48,
17.07.2012,Jul-12,2012,7.63,
18.07.2012,Jul-12,2012,7.11,
19.07.2012,Jul-12,2012,6.81,
20.07.2012,Jul-12,2012,7.03,
21.07.2012,Jul-12,2012,#N/A,
22.07.2012,Jul-12,2012,#N/A,
23.07.2012,Jul-12,2012,7.09,
24.07.2012,Jul-12,2012,7.13,
25.07.2012,Jul-12,2012,6.79,
26.07.2012,Jul-12,2012,6.93,
27.07.2012,Jul-12,2012,6.85,
28.07.2012,Jul-12,2012,#N/A,
29.07.2012,Jul-12,2012,#N/A,
30.07.2012,Jul-12,2012,6.54,
31.07.2012,Jul-12,2012,6.88,
01.08.2012,Aug-12,2012,6.94,
02.08.2012,Aug-12,2012,7.03,
03.08.2012,Aug-12,2012,7.12,
04.08.2012,Aug-12,2012,#N/A,
05.08.2012,Aug-12,2012,#N/A,
06.08.2012,Aug-12,2012,7.18,
07.08.2012,Aug-12,2012,7.28,
08.08.2012,Aug-12,2012,7.18,
09.08.2012,Aug-12,2012,7.14,
10.08.2012,Aug-12,2012,7.18,
11.08.2012,Aug-12,2012,#N/A,
12.08.2012,Aug-12,2012,#N/A,
13.08.2012,Aug-12,2012,7.44,
14.08.2012,Aug-12,2012,7.59,
15.08.2012,Aug-12,2012,7.45,
16.08.2012,Aug-12,2012,7.66,
17.08.2012,Aug-12,2012,7.65,
18.08.2012,Aug-12,2012,#N/A,
19.08.2012,Aug-12,2012,#N/A,
20.08.2012,Aug-12,2012,7.6,
21.08.2012,Aug-12,2012,7.87,
22.08.2012,Aug-12,2012,7.98,
23.08.2012,Aug-12,2012,8.11,
24.08.2012,Aug-12,2012,8.12,
25.08.2012,Aug-12,2012,#N/A,
26.08.2012,Aug-12,2012,#N/A,
27.08.2012,Aug-12,2012,8.11,
28.08.2012,Aug-12,2012,7.91,
29.08.2012,Aug-12,2012,7.64,
30.08.2012,Aug-12,2012,7.6,
31.08.2012,Aug-12,2012,7.92,
01.09.2012,Sep-12,2012,#N/A,
02.09.2012,Sep-12,2012,#N/A,
03.09.2012,Sep-12,2012,8.21,
04.09.2012,Sep-12,2012,8.16,
05.09.2012,Sep-12,2012,8.21,
06.09.2012,Sep-12,2012,8.21,
07.09.2012,Sep-12,2012,8.28,
08.09.2012,Sep-12,2012,#N/A,
09.09.2012,Sep-12,2012,#N/A,
10.09.2012,Sep-12,2012,7.85,
11.09.2012,Sep-12,2012,7.7,
12.09.2012,Sep-12,2012,7.88,
13.09.2012,Sep-12,2012,7.74,
14.09.2012,Sep-12,2012,7.37,
15.09.2012,Sep-12,2012,#N/A,
16.09.2012,Sep-12,2012,#N/A,
17.09.2012,Sep-12,2012,7.34,
18.09.2012,Sep-12,2012,7.41,
19.09.2012,Sep-12,2012,7.5,
20.09.2012,Sep-12,2012,7.63,
21.09.2012,Sep-12,2012,7.39,
22.09.2012,Sep-12,2012,#N/A,
23.09.2012,Sep-12,2012,#N/A,
24.09.2012,Sep-12,2012,7.2,
25.09.2012,Sep-12,2012,7.41,
26.09.2012,Sep-12,2012,7.58,
27.09.2012,Sep-12,2012,7.77,
28.09.2012,Sep-12,2012,7.83,
29.09.2012,Sep-12,2012,#N/A,
30.09.2012,Sep-12,2012,#N/A,
01.10.2012,Oct-12,2012,7.88,
02.10.2012,Oct-12,2012,7.82,
03.10.2012,Oct-12,2012,#N/A,
04.10.2012,Oct-12,2012,7.58,
05.10.2012,Oct-12,2012,7.74,
06.10.2012,Oct-12,2012,#N/A,
07.10.2012,Oct-12,2012,#N/A,
08.10.2012,Oct-12,2012,7.88,
09.10.2012,Oct-12,2012,7.83,
10.10.2012,Oct-12,2012,7.72,
11.10.2012,Oct-12,2012,7.76,
12.10.2012,Oct-12,2012,7.77,
13.10.2012,Oct-12,2012,#N/A,
14.10.2012,Oct-12,2012,#N/A,
15.10.2012,Oct-12,2012,7.65,
16.10.2012,Oct-12,2012,7.95,
17.10.2012,Oct-12,2012,8.24,
18.10.2012,Oct-12,2012,8.04,
19.10.2012,Oct-12,2012,7.92,
20.10.2012,Oct-12,2012,#N/A,
21.10.2012,Oct-12,2012,#N/A,
22.10.2012,Oct-12,2012,7.88,
23.10.2012,Oct-12,2012,7.85,
24.10.2012,Oct-12,2012,7.66,
25.10.2012,Oct-12,2012,7.65,
26.10.2012,Oct-12,2012,7.85,
27.10.2012,Oct-12,2012,#N/A,
28.10.2012,Oct-12,2012,#N/A,
29.10.2012,Oct-12,2012,8.05,
30.10.2012,Oct-12,2012,8.11,
31.10.2012,Oct-12,2012,8.2,
01.11.2012,Nov-12,2012,8.02,
02.11.2012,Nov-12,2012,8.07,
03.11.2012,Nov-12,2012,#N/A,
04.11.2012,Nov-12,2012,#N/A,
05.11.2012,Nov-12,2012,8.23,
06.11.2012,Nov-12,2012,8.32,
07.11.2012,Nov-12,2012,8.19,
08.11.2012,Nov-12,2012,8.25,
09.11.2012,Nov-12,2012,8.31,
10.11.2012,Nov-12,2012,#N/A,
11.11.2012,Nov-12,2012,#N/A,
12.11.2012,Nov-12,2012,9.06,
13.11.2012,Nov-12,2012,8.37,
14.11.2012,Nov-12,2012,7.88,
15.11.2012,Nov-12,2012,7.11,
16.11.2012,Nov-12,2012,6.86,
17.11.2012,Nov-12,2012,#N/A,
18.11.2012,Nov-12,2012,#N/A,
19.11.2012,Nov-12,2012,6.69,
20.11.2012,Nov-12,2012,6.73,
21.11.2012,Nov-12,2012,6.73,
22.11.2012,Nov-12,2012,6.75,
23.11.2012,Nov-12,2012,6.99,
24.11.2012,Nov-12,2012,#N/A,
25.11.2012,Nov-12,2012,#N/A,
26.11.2012,Nov-12,2012,6.79,
27.11.2012,Nov-12,2012,6.83,
28.11.2012,Nov-12,2012,6.82,
29.11.2012,Nov-12,2012,6.58,
30.11.2012,Nov-12,2012,6.2,
01.12.2012,Dec-12,2012,#N/A,
02.12.2012,Dec-12,2012,#N/A,
03.12.2012,Dec-12,2012,5.99,
04.12.2012,Dec-12,2012,5.71,
05.12.2012,Dec-12,2012,6.16,
06.12.2012,Dec-12,2012,6.37,
07.12.2012,Dec-12,2012,6.76,
08.12.2012,Dec-12,2012,#N/A,
09.12.2012,Dec-12,2012,#N/A,
10.12.2012,Dec-12,2012,7.07,
11.12.2012,Dec-12,2012,6.82,
12.12.2012,Dec-12,2012,6.76,
13.12.2012,Dec-12,2012,6.65,
14.12.2012,Dec-12,2012,6.57,
15.12.2012,Dec-12,2012,#N/A,
16.12.2012,Dec-12,2012,#N/A,
17.12.2012,Dec-12,2012,6.51,
18.12.2012,Dec-12,2012,6.69,
19.12.2012,Dec-12,2012,7.02,
20.12.2012,Dec-12,2012,7.13,
21.12.2012,Dec-12,2012,7.01,
22.12.2012,Dec-12,2012,#N/A,
23.12.2012,Dec-12,2012,#N/A,
24.12.2012,Dec-12,2012,#N/A,
25.12.2012,Dec-12,2012,#N/A,
26.12.2012,Dec-12,2012,#N/A,
27.12.2012,Dec-12,2012,6.9,
28.12.2012,Dec-12,2012,6.53,
29.12.2012,Dec-12,2012,#N/A,
30.12.2012,Dec-12,2012,#N/A,
31.12.2012,Dec-12,2012,#N/A,
01.01.2013,Jan-13,2013,#N/A,0
02.01.2013,Jan-13,2013,6.47,1
03.01.2013,Jan-13,2013,6.18,
04.01.2013,Jan-13,2013,6.18,
05.01.2013,Jan-13,2013,#N/A,
06.01.2013,Jan-13,2013,#N/A,
07.01.2013,Jan-13,2013,6.46,
08.01.2013,Jan-13,2013,6.27,
09.01.2013,Jan-13,2013,6.05,
10.01.2013,Jan-13,2013,5.89,
11.01.2013,Jan-13,2013,5.73,
12.01.2013,Jan-13,2013,#N/A,
13.01.2013,Jan-13,2013,#N/A,
14.01.2013,Jan-13,2013,5.7,
15.01.2013,Jan-13,2013,5.88,
16.01.2013,Jan-13,2013,5.46,
17.01.2013,Jan-13,2013,5.4,
18.01.2013,Jan-13,2013,4.94,
19.01.2013,Jan-13,2013,#N/A,
20.01.2013,Jan-13,2013,#N/A,
21.01.2013,Jan-13,2013,4.8,
22.01.2013,Jan-13,2013,5.25,
23.01.2013,Jan-13,2013,4.55,
24.01.2013,Jan-13,2013,4.25,
25.01.2013,Jan-13,2013,4.01,
26.01.2013,Jan-13,2013,#N/A,
27.01.2013,Jan-13,2013,#N/A,
28.01.2013,Jan-13,2013,4.06,
29.01.2013,Jan-13,2013,3.88,
30.01.2013,Jan-13,2013,3.7,
31.01.2013,Jan-13,2013,3.37,
01.02.2013,Feb-13,2013,4.16,
02.02.2013,Feb-13,2013,#N/A,
03.02.2013,Feb-13,2013,#N/A,
04.02.2013,Feb-13,2013,4.49,
05.02.2013,Feb-13,2013,4.35,
06.02.2013,Feb-13,2013,4.06,
07.02.2013,Feb-13,2013,4.1,
08.02.2013,Feb-13,2013,4.42,
09.02.2013,Feb-13,2013,#N/A,
10.02.2013,Feb-13,2013,#N/A,
11.02.2013,Feb-13,2013,4.37,
12.02.2013,Feb-13,2013,4.49,
13.02.2013,Feb-13,2013,5.11,
14.02.2013,Feb-13,2013,5.15,
15.02.2013,Feb-13,2013,5.07,
16.02.2013,Feb-13,2013,#N/A,
17.02.2013,Feb-13,2013,#N/A,
18.02.2013,Feb-13,2013,5.02,
19.02.2013,Feb-13,2013,4.58,
20.02.2013,Feb-13,2013,4.86,
21.02.2013,Feb-13,2013,5.2,
22.02.2013,Feb-13,2013,5.07,
23.02.2013,Feb-13,2013,#N/A,
24.02.2013,Feb-13,2013,#N/A,
25.02.2013,Feb-13,2013,4.45,
26.02.2013,Feb-13,2013,4.2,
27.02.2013,Feb-13,2013,4.36,
28.02.2013,Feb-13,2013,4.79,
01.03.2013,Mar-13,2013,4.57,
02.03.2013,Mar-13,2013,#N/A,
03.03.2013,Mar-13,2013,#N/A,
04.03.2013,Mar-13,2013,4.53,
05.03.2013,Mar-13,2013,4.12,
06.03.2013,Mar-13,2013,4.17,
07.03.2013,Mar-13,2013,4.22,
08.03.2013,Mar-13,2013,4.18,
09.03.2013,Mar-13,2013,#N/A,
10.03.2013,Mar-13,2013,#N/A,
11.03.2013,Mar-13,2013,3.88,
12.03.2013,Mar-13,2013,3.65,
13.03.2013,Mar-13,2013,3.46,
14.03.2013,Mar-13,2013,3.65,
15.03.2013,Mar-13,2013,3.71,
16.03.2013,Mar-13,2013,#N/A,
17.03.2013,Mar-13,2013,#N/A,
18.03.2013,Mar-13,2013,3.49,
19.03.2013,Mar-13,2013,3.44,
20.03.2013,Mar-13,2013,3.9,
21.03.2013,Mar-13,2013,4.4,
22.03.2013,Mar-13,2013,4.1,
23.03.2013,Mar-13,2013,#N/A,
24.03.2013,Mar-13,2013,#N/A,
25.03.2013,Mar-13,2013,4.43,
26.03.2013,Mar-13,2013,4.56,
27.03.2013,Mar-13,2013,4.89,
28.03.2013,Mar-13,2013,4.82,
29.03.2013,Mar-13,2013,#N/A,
30.03.2013,Mar-13,2013,#N/A,
31.03.2013,Mar-13,2013,#N/A,
01.04.2013,Apr-13,2013,#N/A,
02.04.2013,Apr-13,2013,4.87,
03.04.2013,Apr-13,2013,4.85,
04.04.2013,Apr-13,2013,4.95,
05.04.2013,Apr-13,2013,5.11,
06.04.2013,Apr-13,2013,#N/A,
07.04.2013,Apr-13,2013,#N/A,
08.04.2013,Apr-13,2013,5.13,
09.04.2013,Apr-13,2013,4.73,
10.04.2013,Apr-13,2013,4.29,
11.04.2013,Apr-13,2013,4.26,
12.04.2013,Apr-13,2013,4.67,
13.04.2013,Apr-13,2013,#N/A,
14.04.2013,Apr-13,2013,#N/A,
15.04.2013,Apr-13,2013,4.72,
16.04.2013,Apr-13,2013,3.02,
17.04.2013,Apr-13,2013,2.68,
18.04.2013,Apr-13,2013,2.99,
19.04.2013,Apr-13,2013,3.02,
20.04.2013,Apr-13,2013,#N/A,
21.04.2013,Apr-13,2013,#N/A,
22.04.2013,Apr-13,2013,2.83,
23.04.2013,Apr-13,2013,3.02,
24.04.2013,Apr-13,2013,2.95,
25.04.2013,Apr-13,2013,2.92,
26.04.2013,Apr-13,2013,3.06,
27.04.2013,Apr-13,2013,#N/A,
28.04.2013,Apr-13,2013,#N/A,
29.04.2013,Apr-13,2013,3.25,
30.04.2013,Apr-13,2013,3.08,
01.05.2013,May-13,2013,#N/A,
02.05.2013,May-13,2013,3.04,
03.05.2013,May-13,2013,3.72,
04.05.2013,May-13,2013,#N/A,
05.05.2013,May-13,2013,#N/A,
06.05.2013,May-13,2013,3.84,
07.05.2013,May-13,2013,3.71,
08.05.2013,May-13,2013,3.47,
09.05.2013,May-13,2013,#N/A,
10.05.2013,May-13,2013,3.32,
11.05.2013,May-13,2013,#N/A,
12.05.2013,May-13,2013,#N/A,
13.05.2013,May-13,2013,3.23,
14.05.2013,May-13,2013,3.47,
15.05.2013,May-13,2013,3.61,
16.05.2013,May-13,2013,3.65,
17.05.2013,May-13,2013,3.51,
18.05.2013,May-13,2013,#N/A,
19.05.2013,May-13,2013,#N/A,
20.05.2013,May-13,2013,#N/A,
21.05.2013,May-13,2013,3.52,
22.05.2013,May-13,2013,3.3,
23.05.2013,May-13,2013,3.37,
24.05.2013,May-13,2013,3.53,
25.05.2013,May-13,2013,#N/A,
26.05.2013,May-13,2013,#N/A,
27.05.2013,May-13,2013,3.46,
28.05.2013,May-13,2013,3.6,
29.05.2013,May-13,2013,3.73,
30.05.2013,May-13,2013,3.76,
31.05.2013,May-13,2013,3.91,
01.06.2013,Jun-13,2013,#N/A,
02.06.2013,Jun-13,2013,#N/A,
03.06.2013,Jun-13,2013,3.89,
04.06.2013,Jun-13,2013,3.92,
05.06.2013,Jun-13,2013,3.89,
06.06.2013,Jun-13,2013,3.96,
07.06.2013,Jun-13,2013,4.08,
08.06.2013,Jun-13,2013,#N/A,
09.06.2013,Jun-13,2013,#N/A,
10.06.2013,Jun-13,2013,4.02,
11.06.2013,Jun-13,2013,4.16,
12.06.2013,Jun-13,2013,4.47,
13.06.2013,Jun-13,2013,4.39,
14.06.2013,Jun-13,2013,4.74,
15.06.2013,Jun-13,2013,#N/A,
16.06.2013,Jun-13,2013,#N/A,
17.06.2013,Jun-13,2013,4.54,
18.06.2013,Jun-13,2013,4.6,
19.06.2013,Jun-13,2013,4.33,
20.06.2013,Jun-13,2013,4.35,
21.06.2013,Jun-13,2013,4.34,
22.06.2013,Jun-13,2013,#N/A,
23.06.2013,Jun-13,2013,#N/A,
24.06.2013,Jun-13,2013,4.11,
25.06.2013,Jun-13,2013,4.25,
26.06.2013,Jun-13,2013,4.38,
27.06.2013,Jun-13,2013,4.4,
28.06.2013,Jun-13,2013,4.15,
29.06.2013,Jun-13,2013,#N/A,
30.06.2013,Jun-13,2013,#N/A,
01.07.2013,Jul-13,2013,4.21,
02.07.2013,Jul-13,2013,4.25,
03.07.2013,Jul-13,2013,4.66,
04.07.2013,Jul-13,2013,4.53,
05.07.2013,Jul-13,2013,4.24,
06.07.2013,Jul-13,2013,#N/A,
07.07.2013,Jul-13,2013,#N/A,
08.07.2013,Jul-13,2013,4.21,
09.07.2013,Jul-13,2013,4.14,
10.07.2013,Jul-13,2013,4.02,
11.07.2013,Jul-13,2013,4.09,
12.07.2013,Jul-13,2013,4.03,
13.07.2013,Jul-13,2013,#N/A,
14.07.2013,Jul-13,2013,#N/A,
15.07.2013,Jul-13,2013,4.01,
16.07.2013,Jul-13,2013,4.1,
17.07.2013,Jul-13,2013,4.12,
18.07.2013,Jul-13,2013,4.11,
19.07.2013,Jul-13,2013,4.17,
20.07.2013,Jul-13,2013,#N/A,
21.07.2013,Jul-13,2013,#N/A,
22.07.2013,Jul-13,2013,4.2,
23.07.2013,Jul-13,2013,4.25,
24.07.2013,Jul-13,2013,4.27,
25.07.2013,Jul-13,2013,4.28,
26.07.2013,Jul-13,2013,4.29,
27.07.2013,Jul-13,2013,#N/A,
28.07.2013,Jul-13,2013,#N/A,
29.07.2013,Jul-13,2013,4.3,
30.07.2013,Jul-13,2013,4.26,
31.07.2013,Jul-13,2013,4.3,
01.08.2013,Aug-13,2013,4.31,
02.08.2013,Aug-13,2013,4.37,
03.08.2013,Aug-13,2013,#N/A,
04.08.2013,Aug-13,2013,#N/A,
05.08.2013,Aug-13,2013,4.4,
06.08.2013,Aug-13,2013,4.52,
07.08.2013,Aug-13,2013,4.47,
08.08.2013,Aug-13,2013,4.51,
09.08.2013,Aug-13,2013,4.43,
10.08.2013,Aug-13,2013,#N/A,
11.08.2013,Aug-13,2013,#N/A,
12.08.2013,Aug-13,2013,4.29,
13.08.2013,Aug-13,2013,4.29,
14.08.2013,Aug-13,2013,4.33,
15.08.2013,Aug-13,2013,4.33,
16.08.2013,Aug-13,2013,4.34,
17.08.2013,Aug-13,2013,#N/A,
18.08.2013,Aug-13,2013,#N/A,
19.08.2013,Aug-13,2013,4.31,
20.08.2013,Aug-13,2013,4.33,
21.08.2013,Aug-13,2013,4.32,
22.08.2013,Aug-13,2013,4.48,
23.08.2013,Aug-13,2013,4.41,
24.08.2013,Aug-13,2013,#N/A,
25.08.2013,Aug-13,2013,#N/A,
26.08.2013,Aug-13,2013,4.43,
27.08.2013,Aug-13,2013,4.54,
28.08.2013,Aug-13,2013,4.59,
29.08.2013,Aug-13,2013,4.58,
30.08.2013,Aug-13,2013,4.56,
31.08.2013,Aug-13,2013,#N/A,
01.09.2013,Sep-13,2013,#N/A,
02.09.2013,Sep-13,2013,4.49,
03.09.2013,Sep-13,2013,4.39,
04.09.2013,Sep-13,2013,4.53,
05.09.2013,Sep-13,2013,4.95,
06.09.2013,Sep-13,2013,5.45,
07.09.2013,Sep-13,2013,#N/A,
08.09.2013,Sep-13,2013,#N/A,
09.09.2013,Sep-13,2013,5.29,
10.09.2013,Sep-13,2013,5.13,
11.09.2013,Sep-13,2013,5.25,
12.09.2013,Sep-13,2013,5.58,
13.09.2013,Sep-13,2013,5.39,
14.09.2013,Sep-13,2013,#N/A,
15.09.2013,Sep-13,2013,#N/A,
16.09.2013,Sep-13,2013,5.46,
17.09.2013,Sep-13,2013,5.65,
18.09.2013,Sep-13,2013,5.5,
19.09.2013,Sep-13,2013,5.33,
20.09.2013,Sep-13,2013,5.33,
21.09.2013,Sep-13,2013,#N/A,
22.09.2013,Sep-13,2013,#N/A,
23.09.2013,Sep-13,2013,5.4,
24.09.2013,Sep-13,2013,5.37,
25.09.2013,Sep-13,2013,5.37,
26.09.2013,Sep-13,2013,5.46,
27.09.2013,Sep-13,2013,5.37,
28.09.2013,Sep-13,2013,#N/A,
29.09.2013,Sep-13,2013,#N/A,
30.09.2013,Sep-13,2013,5.01,
01.10.2013,Oct-13,2013,5.13,
02.10.2013,Oct-13,2013,5.26,
03.10.2013,Oct-13,2013,#N/A,
04.10.2013,Oct-13,2013,5.07,
05.10.2013,Oct-13,2013,#N/A,
06.10.2013,Oct-13,2013,#N/A,
07.10.2013,Oct-13,2013,4.98,
08.10.2013,Oct-13,2013,4.85,
09.10.2013,Oct-13,2013,4.77,
10.10.2013,Oct-13,2013,4.7,
11.10.2013,Oct-13,2013,4.58,
12.10.2013,Oct-13,2013,#N/A,
13.10.2013,Oct-13,2013,#N/A,
14.10.2013,Oct-13,2013,4.8,
15.10.2013,Oct-13,2013,4.94,
16.10.2013,Oct-13,2013,5.32,
17.10.2013,Oct-13,2013,5.16,
18.10.2013,Oct-13,2013,5.11,
19.10.2013,Oct-13,2013,#N/A,
20.10.2013,Oct-13,2013,#N/A,
21.10.2013,Oct-13,2013,4.57,
22.10.2013,Oct-13,2013,4.68,
23.10.2013,Oct-13,2013,4.6,
24.10.2013,Oct-13,2013,4.55,
25.10.2013,Oct-13,2013,4.96,
26.10.2013,Oct-13,2013,#N/A,
27.10.2013,Oct-13,2013,#N/A,
28.10.2013,Oct-13,2013,4.81,
29.10.2013,Oct-13,2013,5.07,
30.10.2013,Oct-13,2013,4.94,
31.10.2013,Oct-13,2013,4.81,
01.11.2013,Nov-13,2013,4.58,
02.11.2013,Nov-13,2013,#N/A,
03.11.2013,Nov-13,2013,#N/A,
04.11.2013,Nov-13,2013,4.56,
05.11.2013,Nov-13,2013,4.76,
06.11.2013,Nov-13,2013,4.76,
07.11.2013,Nov-13,2013,4.8,
08.11.2013,Nov-13,2013,4.47,
09.11.2013,Nov-13,2013,#N/A,
10.11.2013,Nov-13,2013,#N/A,
11.11.2013,Nov-13,2013,4.55,
12.11.2013,Nov-13,2013,4.6,
13.11.2013,Nov-13,2013,4.64,
14.11.2013,Nov-13,2013,4.58,
15.11.2013,Nov-13,2013,4.5,
16.11.2013,Nov-13,2013,#N/A,
17.11.2013,Nov-13,2013,#N/A,
18.11.2013,Nov-13,2013,4.33,
19.11.2013,Nov-13,2013,4.41,
20.11.2013,Nov-13,2013,4.46,
21.11.2013,Nov-13,2013,4.4,
22.11.2013,Nov-13,2013,4.4,
23.11.2013,Nov-13,2013,#N/A,
24.11.2013,Nov-13,2013,#N/A,
25.11.2013,Nov-13,2013,4.4,
26.11.2013,Nov-13,2013,4.46,
27.11.2013,Nov-13,2013,4.44,
28.11.2013,Nov-13,2013,4.42,
29.11.2013,Nov-13,2013,4.34,
30.11.2013,Nov-13,2013,#N/A,
01.12.2013,Dec-13,2013,#N/A,
02.12.2013,Dec-13,2013,4.48,
03.12.2013,Dec-13,2013,4.48,
04.12.2013,Dec-13,2013,4.48,
05.12.2013,Dec-13,2013,4.64,
06.12.2013,Dec-13,2013,4.78,
07.12.2013,Dec-13,2013,#N/A,
08.12.2013,Dec-13,2013,#N/A,
09.12.2013,Dec-13,2013,4.88,
10.12.2013,Dec-13,2013,5,
11.12.2013,Dec-13,2013,4.88,
12.12.2013,Dec-13,2013,4.88,
13.12.2013,Dec-13,2013,4.78,
14.12.2013,Dec-13,2013,#N/A,
15.12.2013,Dec-13,2013,#N/A,
16.12.2013,Dec-13,2013,4.64,
17.12.2013,Dec-13,2013,4.88,
18.12.2013,Dec-13,2013,4.87,
19.12.2013,Dec-13,2013,4.96,
20.12.2013,Dec-13,2013,4.76,
21.12.2013,Dec-13,2013,#N/A,
22.12.2013,Dec-13,2013,#N/A,
23.12.2013,Dec-13,2013,4.77,
24.12.2013,Dec-13,2013,#N/A,
25.12.2013,Dec-13,2013,#N/A,
26.12.2013,Dec-13,2013,#N/A,
27.12.2013,Dec-13,2013,4.91,
28.12.2013,Dec-13,2013,#N/A,
29.12.2013,Dec-13,2013,#N/A,
30.12.2013,Dec-13,2013,4.91,
31.12.2013,Dec-13,2013,#N/A,
01.01.2014,Jan-14,2014,#N/A,0
02.01.2014,Jan-14,2014,4.74,1
03.01.2014,Jan-14,2014,4.71,
04.01.2014,Jan-14,2014,#N/A,
05.01.2014,Jan-14,2014,#N/A,
06.01.2014,Jan-14,2014,4.65,
07.01.2014,Jan-14,2014,4.67,
08.01.2014,Jan-14,2014,4.6,
09.01.2014,Jan-14,2014,4.51,
10.01.2014,Jan-14,2014,4.5,
11.01.2014,Jan-14,2014,#N/A,
12.01.2014,Jan-14,2014,#N/A,
13.01.2014,Jan-14,2014,4.61,
14.01.2014,Jan-14,2014,4.82,
15.01.2014,Jan-14,2014,4.8,
16.01.2014,Jan-14,2014,5.07,
17.01.2014,Jan-14,2014,5.07,
18.01.2014,Jan-14,2014,#N/A,
19.01.2014,Jan-14,2014,#N/A,
20.01.2014,Jan-14,2014,4.92,
21.01.2014,Jan-14,2014,5.02,
22.01.2014,Jan-14,2014,5.11,
23.01.2014,Jan-14,2014,5.03,
24.01.2014,Jan-14,2014,5.25,
25.01.2014,Jan-14,2014,#N/A,
26.01.2014,Jan-14,2014,#N/A,
27.01.2014,Jan-14,2014,5.39,
28.01.2014,Jan-14,2014,5.51,
29.01.2014,Jan-14,2014,5.49,
30.01.2014,Jan-14,2014,5.7,
31.01.2014,Jan-14,2014,5.55,
01.02.2014,Feb-14,2014,#N/A,
02.02.2014,Feb-14,2014,#N/A,
03.02.2014,Feb-14,2014,5.82,
04.02.2014,Feb-14,2014,5.81,
05.02.2014,Feb-14,2014,6.05,
06.02.2014,Feb-14,2014,6.44,
07.02.2014,Feb-14,2014,6.44,
08.02.2014,Feb-14,2014,#N/A,
09.02.2014,Feb-14,2014,#N/A,
10.02.2014,Feb-14,2014,6.39,
11.02.2014,Feb-14,2014,6.23,
12.02.2014,Feb-14,2014,6.34,
13.02.2014,Feb-14,2014,6.38,
14.02.2014,Feb-14,2014,6.57,
15.02.2014,Feb-14,2014,#N/A,
16.02.2014,Feb-14,2014,#N/A,
17.02.2014,Feb-14,2014,6.78,
18.02.2014,Feb-14,2014,6.73,
19.02.2014,Feb-14,2014,6.9,
20.02.2014,Feb-14,2014,6.99,
21.02.2014,Feb-14,2014,7.11,
22.02.2014,Feb-14,2014,#N/A,
23.02.2014,Feb-14,2014,#N/A,
24.02.2014,Feb-14,2014,6.98,
25.02.2014,Feb-14,2014,6.2,
26.02.2014,Feb-14,2014,6.49,
27.02.2014,Feb-14,2014,6.5,
28.02.2014,Feb-14,2014,7.05,
01.03.2014,Mar-14,2014,#N/A,
02.03.2014,Mar-14,2014,#N/A,
03.03.2014,Mar-14,2014,6.58,
04.03.2014,Mar-14,2014,6.8,
05.03.2014,Mar-14,2014,6.77,
06.03.2014,Mar-14,2014,6.79,
07.03.2014,Mar-14,2014,6.91,
08.03.2014,Mar-14,2014,#N/A,
09.03.2014,Mar-14,2014,#N/A,
10.03.2014,Mar-14,2014,6.89,
11.03.2014,Mar-14,2014,6.82,
12.03.2014,Mar-14,2014,6.49,
13.03.2014,Mar-14,2014,6.42,
14.03.2014,Mar-14,2014,6.3,
15.03.2014,Mar-14,2014,#N/A,
16.03.2014,Mar-14,2014,#N/A,
17.03.2014,Mar-14,2014,5.88,
18.03.2014,Mar-14,2014,5.78,
19.03.2014,Mar-14,2014,5.96,
20.03.2014,Mar-14,2014,6,
21.03.2014,Mar-14,2014,6.17,
22.03.2014,Mar-14,2014,#N/A,
23.03.2014,Mar-14,2014,#N/A,
24.03.2014,Mar-14,2014,5.85,
25.03.2014,Mar-14,2014,5.85,
26.03.2014,Mar-14,2014,5.79,
27.03.2014,Mar-14,2014,5.24,
28.03.2014,Mar-14,2014,4.35,
29.03.2014,Mar-14,2014,#N/A,
30.03.2014,Mar-14,2014,#N/A,
31.03.2014,Mar-14,2014,4.63,
01.04.2014,Apr-14,2014,5.04,
02.04.2014,Apr-14,2014,4.82,
03.04.2014,Apr-14,2014,4.82,
04.04.2014,Apr-14,2014,4.69,
05.04.2014,Apr-14,2014,#N/A,
06.04.2014,Apr-14,2014,#N/A,
07.04.2014,Apr-14,2014,4.97,
08.04.2014,Apr-14,2014,4.86,
09.04.2014,Apr-14,2014,4.92,
10.04.2014,Apr-14,2014,5.08,
11.04.2014,Apr-14,2014,5.23,
12.04.2014,Apr-14,2014,#N/A,
13.04.2014,Apr-14,2014,#N/A,
14.04.2014,Apr-14,2014,5.25,
15.04.2014,Apr-14,2014,5.55,
16.04.2014,Apr-14,2014,5.42,
17.04.2014,Apr-14,2014,5.53,
18.04.2014,Apr-14,2014,#N/A,
19.04.2014,Apr-14,2014,#N/A,
20.04.2014,Apr-14,2014,#N/A,
21.04.2014,Apr-14,2014,#N/A,
22.04.2014,Apr-14,2014,5.66,
23.04.2014,Apr-14,2014,5.67,
24.04.2014,Apr-14,2014,5.71,
25.04.2014,Apr-14,2014,5.06,
26.04.2014,Apr-14,2014,#N/A,
27.04.2014,Apr-14,2014,#N/A,
28.04.2014,Apr-14,2014,5.19,
29.04.2014,Apr-14,2014,5.42,
30.04.2014,Apr-14,2014,5.4,
01.05.2014,May-14,2014,#N/A,
02.05.2014,May-14,2014,5.17,
03.05.2014,May-14,2014,#N/A,
04.05.2014,May-14,2014,#N/A,
05.05.2014,May-14,2014,5.22,
06.05.2014,May-14,2014,5.22,
07.05.2014,May-14,2014,5.12,
08.05.2014,May-14,2014,5.13,
09.05.2014,May-14,2014,5.24,
10.05.2014,May-14,2014,#N/A,
11.05.2014,May-14,2014,#N/A,
12.05.2014,May-14,2014,5.3,
13.05.2014,May-14,2014,5.28,
14.05.2014,May-14,2014,5.11,
15.05.2014,May-14,2014,4.77,
16.05.2014,May-14,2014,4.79,
17.05.2014,May-14,2014,#N/A,
18.05.2014,May-14,2014,#N/A,
19.05.2014,May-14,2014,4.7,
20.05.2014,May-14,2014,4.84,
21.05.2014,May-14,2014,5.12,
22.05.2014,May-14,2014,5.16,
23.05.2014,May-14,2014,5.11,
24.05.2014,May-14,2014,#N/A,
25.05.2014,May-14,2014,#N/A,
26.05.2014,May-14,2014,5.1,
27.05.2014,May-14,2014,5.16,
28.05.2014,May-14,2014,5.18,
29.05.2014,May-14,2014,5.21,
30.05.2014,May-14,2014,5.09,
31.05.2014,May-14,2014,#N/A,
01.06.2014,Jun-14,2014,#N/A,
02.06.2014,Jun-14,2014,5.15,
03.06.2014,Jun-14,2014,5.42,
04.06.2014,Jun-14,2014,5.39,
05.06.2014,Jun-14,2014,5.51,
06.06.2014,Jun-14,2014,5.45,
07.06.2014,Jun-14,2014,#N/A,
08.06.2014,Jun-14,2014,#N/A,
09.06.2014,Jun-14,2014,5.51,
10.06.2014,Jun-14,2014,5.48,
11.06.2014,Jun-14,2014,5.35,
12.06.2014,Jun-14,2014,5.54,
13.06.2014,Jun-14,2014,5.65,
14.06.2014,Jun-14,2014,#N/A,
15.06.2014,Jun-14,2014,#N/A,
16.06.2014,Jun-14,2014,5.64,
17.06.2014,Jun-14,2014,5.71,
18.06.2014,Jun-14,2014,5.66,
19.06.2014,Jun-14,2014,5.52,
20.06.2014,Jun-14,2014,5.65,
21.06.2014,Jun-14,2014,#N/A,
22.06.2014,Jun-14,2014,#N/A,
23.06.2014,Jun-14,2014,5.78,
24.06.2014,Jun-14,2014,5.75,
25.06.2014,Jun-14,2014,5.71,
26.06.2014,Jun-14,2014,5.71,
27.06.2014,Jun-14,2014,5.78,
28.06.2014,Jun-14,2014,#N/A,
29.06.2014,Jun-14,2014,#N/A,
30.06.2014,Jun-14,2014,5.81,
01.07.2014,Jul-14,2014,5.98,
02.07.2014,Jul-14,2014,6.07,
03.07.2014,Jul-14,2014,5.97,
04.07.2014,Jul-14,2014,5.63,
05.07.2014,Jul-14,2014,#N/A,
06.07.2014,Jul-14,2014,#N/A,
07.07.2014,Jul-14,2014,5.52,
08.07.2014,Jul-14,2014,5.72,
09.07.2014,Jul-14,2014,5.78,
10.07.2014,Jul-14,2014,5.68,
11.07.2014,Jul-14,2014,5.72,
12.07.2014,Jul-14,2014,#N/A,
13.07.2014,Jul-14,2014,#N/A,
14.07.2014,Jul-14,2014,5.87,
15.07.2014,Jul-14,2014,5.86,
16.07.2014,Jul-14,2014,6.01,
17.07.2014,Jul-14,2014,6.13,
18.07.2014,Jul-14,2014,5.98,
19.07.2014,Jul-14,2014,#N/A,
20.07.2014,Jul-14,2014,#N/A,
21.07.2014,Jul-14,2014,6.03,
22.07.2014,Jul-14,2014,6.13,
23.07.2014,Jul-14,2014,6.15,
24.07.2014,Jul-14,2014,6.02,
25.07.2014,Jul-14,2014,6.13,
26.07.2014,Jul-14,2014,#N/A,
27.07.2014,Jul-14,2014,#N/A,
28.07.2014,Jul-14,2014,6.17,
29.07.2014,Jul-14,2014,6.01,
30.07.2014,Jul-14,2014,6.1,
31.07.2014,Jul-14,2014,6.19,
01.08.2014,Aug-14,2014,6.26,
02.08.2014,Aug-14,2014,#N/A,
03.08.2014,Aug-14,2014,#N/A,
04.08.2014,Aug-14,2014,6.24,
05.08.2014,Aug-14,2014,6.18,
06.08.2014,Aug-14,2014,6.19,
07.08.2014,Aug-14,2014,5.94,
08.08.2014,Aug-14,2014,5.93,
09.08.2014,Aug-14,2014,#N/A,
10.08.2014,Aug-14,2014,#N/A,
11.08.2014,Aug-14,2014,6.06,
12.08.2014,Aug-14,2014,6.04,
13.08.2014,Aug-14,2014,6.17,
14.08.2014,Aug-14,2014,6.14,
15.08.2014,Aug-14,2014,6.36,
16.08.2014,Aug-14,2014,#N/A,
17.08.2014,Aug-14,2014,#N/A,
18.08.2014,Aug-14,2014,6.34,
19.08.2014,Aug-14,2014,6.42,
20.08.2014,Aug-14,2014,6.38,
21.08.2014,Aug-14,2014,6.32,
22.08.2014,Aug-14,2014,6.34,
23.08.2014,Aug-14,2014,#N/A,
24.08.2014,Aug-14,2014,#N/A,
25.08.2014,Aug-14,2014,6.31,
26.08.2014,Aug-14,2014,6.3,
27.08.2014,Aug-14,2014,6.35,
28.08.2014,Aug-14,2014,6.43,
29.08.2014,Aug-14,2014,6.38,
30.08.2014,Aug-14,2014,#N/A,
31.08.2014,Aug-14,2014,#N/A,
01.09.2014,Sep-14,2014,6.38,
02.09.2014,Sep-14,2014,6.38,
03.09.2014,Sep-14,2014,6.32,
04.09.2014,Sep-14,2014,6.1,
05.09.2014,Sep-14,2014,6.22,
06.09.2014,Sep-14,2014,#N/A,
07.09.2014,Sep-14,2014,#N/A,
08.09.2014,Sep-14,2014,6.27,
09.09.2014,Sep-14,2014,6.12,
10.09.2014,Sep-14,2014,6.07,
11.09.2014,Sep-14,2014,6.1,
12.09.2014,Sep-14,2014,6.03,
13.09.2014,Sep-14,2014,#N/A,
14.09.2014,Sep-14,2014,#N/A,
15.09.2014,Sep-14,2014,5.92,
16.09.2014,Sep-14,2014,5.79,
17.09.2014,Sep-14,2014,5.88,
18.09.2014,Sep-14,2014,5.98,
19.09.2014,Sep-14,2014,6.01,
20.09.2014,Sep-14,2014,#N/A,
21.09.2014,Sep-14,2014,#N/A,
22.09.2014,Sep-14,2014,6,
23.09.2014,Sep-14,2014,5.66,
24.09.2014,Sep-14,2014,5.81,
25.09.2014,Sep-14,2014,5.79,
26.09.2014,Sep-14,2014,5.91,
27.09.2014,Sep-14,2014,#N/A,
28.09.2014,Sep-14,2014,#N/A,
29.09.2014,Sep-14,2014,5.76,
30.09.2014,Sep-14,2014,5.82,
01.10.2014,Oct-14,2014,5.79,
02.10.2014,Oct-14,2014,5.66,
03.10.2014,Oct-14,2014,5.64,
04.10.2014,Oct-14,2014,#N/A,
05.10.2014,Oct-14,2014,#N/A,
06.10.2014,Oct-14,2014,5.64,
07.10.2014,Oct-14,2014,5.7,
08.10.2014,Oct-14,2014,6.04,
09.10.2014,Oct-14,2014,6.1,
10.10.2014,Oct-14,2014,6.02,
11.10.2014,Oct-14,2014,#N/A,
12.10.2014,Oct-14,2014,#N/A,
13.10.2014,Oct-14,2014,6.04,
14.10.2014,Oct-14,2014,6.07,
15.10.2014,Oct-14,2014,6.14,
16.10.2014,Oct-14,2014,6.19,
17.10.2014,Oct-14,2014,6.12,
18.10.2014,Oct-14,2014,#N/A,
19.10.2014,Oct-14,2014,#N/A,
20.10.2014,Oct-14,2014,6.1,
21.10.2014,Oct-14,2014,6.16,
22.10.2014,Oct-14,2014,6.21,
23.10.2014,Oct-14,2014,6.32,
24.10.2014,Oct-14,2014,6.38,
25.10.2014,Oct-14,2014,#N/A,
26.10.2014,Oct-14,2014,#N/A,
27.10.2014,Oct-14,2014,6.29,
28.10.2014,Oct-14,2014,6.17,
29.10.2014,Oct-14,2014,6.4,
30.10.2014,Oct-14,2014,6.4,
31.10.2014,Oct-14,2014,6.33,
01.11.2014,Nov-14,2014,#N/A,
02.11.2014,Nov-14,2014,#N/A,
03.11.2014,Nov-14,2014,6.55,
04.11.2014,Nov-14,2014,6.47,
05.11.2014,Nov-14,2014,6.63,
06.11.2014,Nov-14,2014,6.63,
07.11.2014,Nov-14,2014,6.73,
08.11.2014,Nov-14,2014,#N/A,
09.11.2014,Nov-14,2014,#N/A,
10.11.2014,Nov-14,2014,6.7,
11.11.2014,Nov-14,2014,6.79,
12.11.2014,Nov-14,2014,6.83,
13.11.2014,Nov-14,2014,6.78,
14.11.2014,Nov-14,2014,6.61,
15.11.2014,Nov-14,2014,#N/A,
16.11.2014,Nov-14,2014,#N/A,
17.11.2014,Nov-14,2014,6.88,
18.11.2014,Nov-14,2014,7.02,
19.11.2014,Nov-14,2014,7.03,
20.11.2014,Nov-14,2014,6.95,
21.11.2014,Nov-14,2014,6.98,
22.11.2014,Nov-14,2014,#N/A,
23.11.2014,Nov-14,2014,#N/A,
24.11.2014,Nov-14,2014,7.05,
25.11.2014,Nov-14,2014,7.12,
26.11.2014,Nov-14,2014,7.17,
27.11.2014,Nov-14,2014,7.09,
28.11.2014,Nov-14,2014,7.03,
29.11.2014,Nov-14,2014,#N/A,
30.11.2014,Nov-14,2014,#N/A,
01.12.2014,Dec-14,2014,7.07,
02.12.2014,Dec-14,2014,6.86,
03.12.2014,Dec-14,2014,6.9,
04.12.2014,Dec-14,2014,6.84,
05.12.2014,Dec-14,2014,6.66,
06.12.2014,Dec-14,2014,#N/A,
07.12.2014,Dec-14,2014,#N/A,
08.12.2014,Dec-14,2014,6.67,
09.12.2014,Dec-14,2014,6.74,
10.12.2014,Dec-14,2014,6.54,
11.12.2014,Dec-14,2014,6.71,
12.12.2014,Dec-14,2014,6.66,
13.12.2014,Dec-14,2014,#N/A,
14.12.2014,Dec-14,2014,#N/A,
15.12.2014,Dec-14,2014,6.87,
16.12.2014,Dec-14,2014,6.89,
17.12.2014,Dec-14,2014,6.97,
18.12.2014,Dec-14,2014,7.03,
19.12.2014,Dec-14,2014,7.05,
20.12.2014,Dec-14,2014,#N/A,
21.12.2014,Dec-14,2014,#N/A,
22.12.2014,Dec-14,2014,7.09,
23.12.2014,Dec-14,2014,7.24,
24.12.2014,Dec-14,2014,#N/A,
25.12.2014,Dec-14,2014,#N/A,
26.12.2014,Dec-14,2014,#N/A,
27.12.2014,Dec-14,2014,#N/A,
28.12.2014,Dec-14,2014,#N/A,
29.12.2014,Dec-14,2014,7.24,
30.12.2014,Dec-14,2014,7.2,
31.12.2014,Dec-14,2014,#N/A,
01.01.2015,Jan-15,2015,#N/A,
02.01.2015,Jan-15,2015,7.01,
03.01.2015,Jan-15,2015,#N/A,
04.01.2015,Jan-15,2015,#N/A,
05.01.2015,Jan-15,2015,6.91,
06.01.2015,Jan-15,2015,6.78,
07.01.2015,Jan-15,2015,6.77,
08.01.2015,Jan-15,2015,6.81,
09.01.2015,Jan-15,2015,6.71,
10.01.2015,Jan-15,2015,#N/A,
11.01.2015,Jan-15,2015,#N/A,
12.01.2015,Jan-15,2015,6.71,
13.01.2015,Jan-15,2015,7.29,
14.01.2015,Jan-15,2015,7.17,
15.01.2015,Jan-15,2015,7.14,
16.01.2015,Jan-15,2015,7.13,
17.01.2015,Jan-15,2015,#N/A,
18.01.2015,Jan-15,2015,#N/A,
19.01.2015,Jan-15,2015,7.22,
20.01.2015,Jan-15,2015,7.17,
21.01.2015,Jan-15,2015,7.3,
22.01.2015,Jan-15,2015,6.79,
23.01.2015,Jan-15,2015,6.8,
24.01.2015,Jan-15,2015,#N/A,
25.01.2015,Jan-15,2015,#N/A,
26.01.2015,Jan-15,2015,6.85,
27.01.2015,Jan-15,2015,6.83,
28.01.2015,Jan-15,2015,6.95,
29.01.2015,Jan-15,2015,7.06,
30.01.2015,Jan-15,2015,7.08,
31.01.2015,Jan-15,2015,#N/A,
01.02.2015,Feb-15,2015,#N/A,
02.02.2015,Feb-15,2015,7.12,
03.02.2015,Feb-15,2015,7.07,
04.02.2015,Feb-15,2015,6.91,
05.02.2015,Feb-15,2015,7,
06.02.2015,Feb-15,2015,6.95,
07.02.2015,Feb-15,2015,#N/A,
08.02.2015,Feb-15,2015,#N/A,
09.02.2015,Feb-15,2015,6.92,
10.02.2015,Feb-15,2015,7.08,
11.02.2015,Feb-15,2015,7.22,
12.02.2015,Feb-15,2015,7.4,
13.02.2015,Feb-15,2015,7.63,
14.02.2015,Feb-15,2015,#N/A,
15.02.2015,Feb-15,2015,#N/A,
16.02.2015,Feb-15,2015,7.66,
17.02.2015,Feb-15,2015,7.48,
18.02.2015,Feb-15,2015,7.5,
19.02.2015,Feb-15,2015,7.34,
20.02.2015,Feb-15,2015,7.31,
21.02.2015,Feb-15,2015,#N/A,
22.02.2015,Feb-15,2015,#N/A,
23.02.2015,Feb-15,2015,7.67,
24.02.2015,Feb-15,2015,7.44,
25.02.2015,Feb-15,2015,7.39,
26.02.2015,Feb-15,2015,7.07,
27.02.2015,Feb-15,2015,7.08,
28.02.2015,Feb-15,2015,#N/A,
01.03.2015,Mar-15,2015,#N/A,
02.03.2015,Mar-15,2015,6.95,
03.03.2015,Mar-15,2015,6.74,
04.03.2015,Mar-15,2015,6.99,
05.03.2015,Mar-15,2015,6.75,
06.03.2015,Mar-15,2015,6.81,
07.03.2015,Mar-15,2015,#N/A,
08.03.2015,Mar-15,2015,#N/A,
09.03.2015,Mar-15,2015,6.69,
10.03.2015,Mar-15,2015,6.8,
11.03.2015,Mar-15,2015,6.75,
12.03.2015,Mar-15,2015,6.42,
13.03.2015,Mar-15,2015,6.49,
14.03.2015,Mar-15,2015,#N/A,
15.03.2015,Mar-15,2015,#N/A,
16.03.2015,Mar-15,2015,6.48,
17.03.2015,Mar-15,2015,6.74,
18.03.2015,Mar-15,2015,6.74,
19.03.2015,Mar-15,2015,6.68,
20.03.2015,Mar-15,2015,7.01,
21.03.2015,Mar-15,2015,#N/A,
22.03.2015,Mar-15,2015,#N/A,
23.03.2015,Mar-15,2015,7.04,
24.03.2015,Mar-15,2015,7.05,
25.03.2015,Mar-15,2015,6.96,
26.03.2015,Mar-15,2015,6.95,
27.03.2015,Mar-15,2015,6.79,
28.03.2015,Mar-15,2015,#N/A,
29.03.2015,Mar-15,2015,#N/A,
30.03.2015,Mar-15,2015,6.88,
31.03.2015,Mar-15,2015,6.91,
01.04.2015,Apr-15,2015,7.15,
02.04.2015,Apr-15,2015,7.15,
03.04.2015,Apr-15,2015,#N/A,
04.04.2015,Apr-15,2015,#N/A,
05.04.2015,Apr-15,2015,#N/A,
06.04.2015,Apr-15,2015,#N/A,
07.04.2015,Apr-15,2015,7.1,
08.04.2015,Apr-15,2015,7.12,
09.04.2015,Apr-15,2015,7.02,
10.04.2015,Apr-15,2015,6.98,
11.04.2015,Apr-15,2015,#N/A,
12.04.2015,Apr-15,2015,#N/A,
13.04.2015,Apr-15,2015,6.8,
14.04.2015,Apr-15,2015,6.8,
15.04.2015,Apr-15,2015,6.86,
16.04.2015,Apr-15,2015,6.89,
17.04.2015,Apr-15,2015,6.82,
18.04.2015,Apr-15,2015,#N/A,
19.04.2015,Apr-15,2015,#N/A,
20.04.2015,Apr-15,2015,7.12,
21.04.2015,Apr-15,2015,7.08,
22.04.2015,Apr-15,2015,7.1,
23.04.2015,Apr-15,2015,7.26,
24.04.2015,Apr-15,2015,7.28,
25.04.2015,Apr-15,2015,#N/A,
26.04.2015,Apr-15,2015,#N/A,
27.04.2015,Apr-15,2015,7.18,
28.04.2015,Apr-15,2015,7.35,
29.04.2015,Apr-15,2015,7.47,
30.04.2015,Apr-15,2015,7.39,
01.05.2015,May-15,2015,#N/A,
02.05.2015,May-15,2015,#N/A,
03.05.2015,May-15,2015,#N/A,
04.05.2015,May-15,2015,7.61,
05.05.2015,May-15,2015,7.57,
06.05.2015,May-15,2015,7.54,
07.05.2015,May-15,2015,7.43,
08.05.2015,May-15,2015,7.54,
09.05.2015,May-15,2015,#N/A,
10.05.2015,May-15,2015,#N/A,
11.05.2015,May-15,2015,7.62,
12.05.2015,May-15,2015,7.63,
13.05.2015,May-15,2015,7.61,
14.05.2015,May-15,2015,7.56,
15.05.2015,May-15,2015,7.58,
16.05.2015,May-15,2015,#N/A,
17.05.2015,May-15,2015,#N/A,
18.05.2015,May-15,2015,7.6,
19.05.2015,May-15,2015,7.39,
20.05.2015,May-15,2015,7.35,
21.05.2015,May-15,2015,7.31,
22.05.2015,May-15,2015,7.28,
23.05.2015,May-15,2015,#N/A,
24.05.2015,May-15,2015,#N/A,
25.05.2015,May-15,2015,#N/A,
26.05.2015,May-15,2015,7.23,
27.05.2015,May-15,2015,7.18,
28.05.2015,May-15,2015,7.19,
29.05.2015,May-15,2015,7.31,
30.05.2015,May-15,2015,#N/A,
31.05.2015,May-15,2015,#N/A,
01.06.2015,Jun-15,2015,7.24,
02.06.2015,Jun-15,2015,7.44,
03.06.2015,Jun-15,2015,7.49,
04.06.2015,Jun-15,2015,7.4,
05.06.2015,Jun-15,2015,7.41,
06.06.2015,Jun-15,2015,#N/A,
07.06.2015,Jun-15,2015,#N/A,
08.06.2015,Jun-15,2015,7.46,
09.06.2015,Jun-15,2015,7.57,
10.06.2015,Jun-15,2015,7.58,
11.06.2015,Jun-15,2015,7.52,
12.06.2015,Jun-15,2015,7.59,
13.06.2015,Jun-15,2015,#N/A,
14.06.2015,Jun-15,2015,#N/A,
15.06.2015,Jun-15,2015,7.53,
16.06.2015,Jun-15,2015,7.42,
17.06.2015,Jun-15,2015,7.46,
18.06.2015,Jun-15,2015,7.45,
19.06.2015,Jun-15,2015,7.41,
20.06.2015,Jun-15,2015,#N/A,
21.06.2015,Jun-15,2015,#N/A,
22.06.2015,Jun-15,2015,7.48,
23.06.2015,Jun-15,2015,7.49,
24.06.2015,Jun-15,2015,7.47,
25.06.2015,Jun-15,2015,7.57,
26.06.2015,Jun-15,2015,7.52,
27.06.2015,Jun-15,2015,#N/A,
28.06.2015,Jun-15,2015,#N/A,
29.06.2015,Jun-15,2015,7.36,
30.06.2015,Jun-15,2015,7.44,
01.07.2015,Jul-15,2015,7.47,
02.07.2015,Jul-15,2015,7.43,
03.07.2015,Jul-15,2015,7.43,
04.07.2015,Jul-15,2015,#N/A,
05.07.2015,Jul-15,2015,#N/A,
06.07.2015,Jul-15,2015,7.36,
07.07.2015,Jul-15,2015,7.44,
08.07.2015,Jul-15,2015,7.47,
09.07.2015,Jul-15,2015,7.45,
10.07.2015,Jul-15,2015,7.58,
11.07.2015,Jul-15,2015,#N/A,
12.07.2015,Jul-15,2015,#N/A,
13.07.2015,Jul-15,2015,7.75,
14.07.2015,Jul-15,2015,7.7,
15.07.2015,Jul-15,2015,7.75,
16.07.2015,Jul-15,2015,7.64,
17.07.2015,Jul-15,2015,7.7,
18.07.2015,Jul-15,2015,#N/A,
19.07.2015,Jul-15,2015,#N/A,
20.07.2015,Jul-15,2015,7.96,
21.07.2015,Jul-15,2015,7.92,
22.07.2015,Jul-15,2015,7.93,
23.07.2015,Jul-15,2015,8.07,
24.07.2015,Jul-15,2015,7.98,
25.07.2015,Jul-15,2015,#N/A,
26.07.2015,Jul-15,2015,#N/A,
27.07.2015,Jul-15,2015,7.99,
28.07.2015,Jul-15,2015,7.99,
29.07.2015,Jul-15,2015,8.04,
30.07.2015,Jul-15,2015,7.87,
31.07.2015,Jul-15,2015,7.87,
01.08.2015,Aug-15,2015,#N/A,
02.08.2015,Aug-15,2015,#N/A,
03.08.2015,Aug-15,2015,7.93,
04.08.2015,Aug-15,2015,7.89,
05.08.2015,Aug-15,2015,7.81,
06.08.2015,Aug-15,2015,7.84,
07.08.2015,Aug-15,2015,7.76,
08.08.2015,Aug-15,2015,#N/A,
09.08.2015,Aug-15,2015,#N/A,
10.08.2015,Aug-15,2015,7.89,
11.08.2015,Aug-15,2015,8.07,
12.08.2015,Aug-15,2015,8.16,
13.08.2015,Aug-15,2015,8.17,
14.08.2015,Aug-15,2015,8.32,
15.08.2015,Aug-15,2015,#N/A,
16.08.2015,Aug-15,2015,#N/A,
17.08.2015,Aug-15,2015,8.23,
18.08.2015,Aug-15,2015,8.24,
19.08.2015,Aug-15,2015,8.3,
20.08.2015,Aug-15,2015,8.37,
21.08.2015,Aug-15,2015,8.19,
22.08.2015,Aug-15,2015,#N/A,
23.08.2015,Aug-15,2015,#N/A,
24.08.2015,Aug-15,2015,8.16,
25.08.2015,Aug-15,2015,8.22,
26.08.2015,Aug-15,2015,8.09,
27.08.2015,Aug-15,2015,8.04,
28.08.2015,Aug-15,2015,8.08,
29.08.2015,Aug-15,2015,#N/A,
30.08.2015,Aug-15,2015,#N/A,
31.08.2015,Aug-15,2015,8.04,
01.09.2015,Sep-15,2015,7.97,
02.09.2015,Sep-15,2015,8.09,
03.09.2015,Sep-15,2015,8.16,
04.09.2015,Sep-15,2015,8.08,
05.09.2015,Sep-15,2015,#N/A,
06.09.2015,Sep-15,2015,#N/A,
07.09.2015,Sep-15,2015,8.07,
08.09.2015,Sep-15,2015,8.22,
09.09.2015,Sep-15,2015,8.26,
10.09.2015,Sep-15,2015,8.28,
11.09.2015,Sep-15,2015,8.22,
12.09.2015,Sep-15,2015,#N/A,
13.09.2015,Sep-15,2015,#N/A,
14.09.2015,Sep-15,2015,8.21,
15.09.2015,Sep-15,2015,8.17,
16.09.2015,Sep-15,2015,8.22,
17.09.2015,Sep-15,2015,8.2,
18.09.2015,Sep-15,2015,8.1,
19.09.2015,Sep-15,2015,#N/A,
20.09.2015,Sep-15,2015,#N/A,
21.09.2015,Sep-15,2015,7.98,
22.09.2015,Sep-15,2015,8,
23.09.2015,Sep-15,2015,8.05,
24.09.2015,Sep-15,2015,7.99,
25.09.2015,Sep-15,2015,7.98,
26.09.2015,Sep-15,2015,#N/A,
27.09.2015,Sep-15,2015,#N/A,
28.09.2015,Sep-15,2015,7.89,
29.09.2015,Sep-15,2015,7.94,
30.09.2015,Sep-15,2015,8.13,
01.10.2015,Oct-15,2015,8.14,
02.10.2015,Oct-15,2015,8.11,
03.10.2015,Oct-15,2015,#N/A,
04.10.2015,Oct-15,2015,#N/A,
05.10.2015,Oct-15,2015,8.18,
06.10.2015,Oct-15,2015,8.19,
07.10.2015,Oct-15,2015,8.09,
08.10.2015,Oct-15,2015,8.11,
09.10.2015,Oct-15,2015,8.32,
10.10.2015,Oct-15,2015,#N/A,
11.10.2015,Oct-15,2015,#N/A,
12.10.2015,Oct-15,2015,8.29,
13.10.2015,Oct-15,2015,8.33,
14.10.2015,Oct-15,2015,8.42,
15.10.2015,Oct-15,2015,8.42,
16.10.2015,Oct-15,2015,8.38,
17.10.2015,Oct-15,2015,#N/A,
18.10.2015,Oct-15,2015,#N/A,
19.10.2015,Oct-15,2015,8.34,
20.10.2015,Oct-15,2015,8.44,
21.10.2015,Oct-15,2015,8.43,
22.10.2015,Oct-15,2015,8.47,
23.10.2015,Oct-15,2015,8.6,
24.10.2015,Oct-15,2015,#N/A,
25.10.2015,Oct-15,2015,#N/A,
26.10.2015,Oct-15,2015,8.64,
27.10.2015,Oct-15,2015,8.59,
28.10.2015,Oct-15,2015,8.56,
29.10.2015,Oct-15,2015,8.65,
30.10.2015,Oct-15,2015,8.64,
31.10.2015,Oct-15,2015,#N/A,
01.11.2015,Nov-15,2015,#N/A,
02.11.2015,Nov-15,2015,8.58,
03.11.2015,Nov-15,2015,8.44,
04.11.2015,Nov-15,2015,8.38,
05.11.2015,Nov-15,2015,8.45,
06.11.2015,Nov-15,2015,8.39,
07.11.2015,Nov-15,2015,#N/A,
08.11.2015,Nov-15,2015,#N/A,
09.11.2015,Nov-15,2015,8.32,
10.11.2015,Nov-15,2015,8.42,
11.11.2015,Nov-15,2015,8.43,
12.11.2015,Nov-15,2015,8.36,
13.11.2015,Nov-15,2015,8.38,
14.11.2015,Nov-15,2015,#N/A,
15.11.2015,Nov-15,2015,#N/A,
16.11.2015,Nov-15,2015,8.5,
17.11.2015,Nov-15,2015,8.58,
18.11.2015,Nov-15,2015,8.58,
19.11.2015,Nov-15,2015,8.62,
20.11.2015,Nov-15,2015,8.51,
21.11.2015,Nov-15,2015,#N/A,
22.11.2015,Nov-15,2015,#N/A,
23.11.2015,Nov-15,2015,8.56,
24.11.2015,Nov-15,2015,8.65,
25.11.2015,Nov-15,2015,8.62,
26.11.2015,Nov-15,2015,8.58,
27.11.2015,Nov-15,2015,8.56,
28.11.2015,Nov-15,2015,#N/A,
29.11.2015,Nov-15,2015,#N/A,
30.11.2015,Nov-15,2015,8.58,
01.12.2015,Dec-15,2015,8.55,
02.12.2015,Dec-15,2015,8.49,
03.12.2015,Dec-15,2015,8.58,
04.12.2015,Dec-15,2015,8.52,
05.12.2015,Dec-15,2015,#N/A,
06.12.2015,Dec-15,2015,#N/A,
07.12.2015,Dec-15,2015,8.42,
08.12.2015,Dec-15,2015,8.42,
09.12.2015,Dec-15,2015,8.4,
10.12.2015,Dec-15,2015,8.36,
11.12.2015,Dec-15,2015,8.07,
12.12.2015,Dec-15,2015,#N/A,
13.12.2015,Dec-15,2015,#N/A,
14.12.2015,Dec-15,2015,8.09,
15.12.2015,Dec-15,2015,8.19,
16.12.2015,Dec-15,2015,8.12,
17.12.2015,Dec-15,2015,8.07,
18.12.2015,Dec-15,2015,8.07,
19.12.2015,Dec-15,2015,#N/A,
20.12.2015,Dec-15,2015,#N/A,
21.12.2015,Dec-15,2015,8.18,
22.12.2015,Dec-15,2015,8.25,
23.12.2015,Dec-15,2015,8.22,
24.12.2015,Dec-15,2015,#N/A,
25.12.2015,Dec-15,2015,#N/A,
26.12.2015,Dec-15,2015,#N/A,
27.12.2015,Dec-15,2015,#N/A,
28.12.2015,Dec-15,2015,8.32,
29.12.2015,Dec-15,2015,8.27,
30.12.2015,Dec-15,2015,8.22,
31.12.2015,Dec-15,2015,#N/A,
01.01.2016,Jan-16,2016,#N/A,
02.01.2016,Jan-16,2016,#N/A,
03.01.2016,Jan-16,2016,#N/A,
04.01.2016,Jan-16,2016,8.05,
05.01.2016,Jan-16,2016,8,
06.01.2016,Jan-16,2016,7.76,
07.01.2016,Jan-16,2016,7.53,
08.01.2016,Jan-16,2016,7.42,
09.01.2016,Jan-16,2016,#N/A,
10.01.2016,Jan-16,2016,#N/A,
11.01.2016,Jan-16,2016,7.14,
12.01.2016,Jan-16,2016,7.1,
13.01.2016,Jan-16,2016,7.25,
14.01.2016,Jan-16,2016,7.08,
15.01.2016,Jan-16,2016,6.68,
16.01.2016,Jan-16,2016,#N/A,
17.01.2016,Jan-16,2016,#N/A,
18.01.2016,Jan-16,2016,6.71,
19.01.2016,Jan-16,2016,6.81,
20.01.2016,Jan-16,2016,6.31,
21.01.2016,Jan-16,2016,6.18,
22.01.2016,Jan-16,2016,6.31,
23.01.2016,Jan-16,2016,#N/A,
24.01.2016,Jan-16,2016,#N/A,
25.01.2016,Jan-16,2016,5.88,
26.01.2016,Jan-16,2016,6.06,
27.01.2016,Jan-16,2016,5.89,
28.01.2016,Jan-16,2016,6.05,
29.01.2016,Jan-16,2016,6.03,
30.01.2016,Jan-16,2016,#N/A,
31.01.2016,Jan-16,2016,#N/A,
01.02.2016,Feb-16,2016,5.68,
02.02.2016,Feb-16,2016,5.79,
03.02.2016,Feb-16,2016,5.61,
04.02.2016,Feb-16,2016,5.6,
05.02.2016,Feb-16,2016,5.54,
06.02.2016,Feb-16,2016,#N/A,
07.02.2016,Feb-16,2016,#N/A,
08.02.2016,Feb-16,2016,5.23,
09.02.2016,Feb-16,2016,4.94,
10.02.2016,Feb-16,2016,4.87,
11.02.2016,Feb-16,2016,4.72,
12.02.2016,Feb-16,2016,5.05,
13.02.2016,Feb-16,2016,#N/A,
14.02.2016,Feb-16,2016,#N/A,
15.02.2016,Feb-16,2016,4.8,
16.02.2016,Feb-16,2016,4.68,
17.02.2016,Feb-16,2016,5.08,
18.02.2016,Feb-16,2016,5.24,
19.02.2016,Feb-16,2016,5.15,
20.02.2016,Feb-16,2016,#N/A,
21.02.2016,Feb-16,2016,#N/A,
22.02.2016,Feb-16,2016,5.39,
23.02.2016,Feb-16,2016,4.88,
24.02.2016,Feb-16,2016,4.86,
25.02.2016,Feb-16,2016,5.05,
26.02.2016,Feb-16,2016,4.98,
27.02.2016,Feb-16,2016,#N/A,
28.02.2016,Feb-16,2016,#N/A,
29.02.2016,Feb-16,2016,4.98,
01.03.2016,Mar-16,2016,4.97,
02.03.2016,Mar-16,2016,4.95,
03.03.2016,Mar-16,2016,4.87,
04.03.2016,Mar-16,2016,4.9,
05.03.2016,Mar-16,2016,#N/A,
06.03.2016,Mar-16,2016,#N/A,
07.03.2016,Mar-16,2016,5.08,
08.03.2016,Mar-16,2016,5,
09.03.2016,Mar-16,2016,5.08,
10.03.2016,Mar-16,2016,4.9,
11.03.2016,Mar-16,2016,4.97,
12.03.2016,Mar-16,2016,#N/A,
13.03.2016,Mar-16,2016,#N/A,
14.03.2016,Mar-16,2016,4.87,
15.03.2016,Mar-16,2016,4.85,
16.03.2016,Mar-16,2016,4.97,
17.03.2016,Mar-16,2016,5,
18.03.2016,Mar-16,2016,4.94,
19.03.2016,Mar-16,2016,#N/A,
20.03.2016,Mar-16,2016,#N/A,
21.03.2016,Mar-16,2016,4.86,
22.03.2016,Mar-16,2016,4.82,
23.03.2016,Mar-16,2016,4.8,
24.03.2016,Mar-16,2016,4.84,
25.03.2016,Mar-16,2016,#N/A,
26.03.2016,Mar-16,2016,#N/A,
27.03.2016,Mar-16,2016,#N/A,
28.03.2016,Mar-16,2016,#N/A,
29.03.2016,Mar-16,2016,4.77,
30.03.2016,Mar-16,2016,4.95,
31.03.2016,Mar-16,2016,5.2,
01.04.2016,Apr-16,2016,5.18,
02.04.2016,Apr-16,2016,#N/A,
03.04.2016,Apr-16,2016,#N/A,
04.04.2016,Apr-16,2016,5.3,
05.04.2016,Apr-16,2016,5.21,
06.04.2016,Apr-16,2016,5.3,
07.04.2016,Apr-16,2016,5.26,
08.04.2016,Apr-16,2016,5.4,
09.04.2016,Apr-16,2016,#N/A,
10.04.2016,Apr-16,2016,#N/A,
11.04.2016,Apr-16,2016,5.56,
12.04.2016,Apr-16,2016,5.57,
13.04.2016,Apr-16,2016,5.52,
14.04.2016,Apr-16,2016,5.59,
15.04.2016,Apr-16,2016,5.48,
16.04.2016,Apr-16,2016,#N/A,
17.04.2016,Apr-16,2016,#N/A,
18.04.2016,Apr-16,2016,5.46,
19.04.2016,Apr-16,2016,5.55,
20.04.2016,Apr-16,2016,5.53,
21.04.2016,Apr-16,2016,5.73,
22.04.2016,Apr-16,2016,5.96,
23.04.2016,Apr-16,2016,#N/A,
24.04.2016,Apr-16,2016,#N/A,
25.04.2016,Apr-16,2016,5.9,
26.04.2016,Apr-16,2016,6.6,
27.04.2016,Apr-16,2016,6.84,
28.04.2016,Apr-16,2016,6.33,
29.04.2016,Apr-16,2016,6.16,
30.04.2016,Apr-16,2016,#N/A,
01.05.2016,May-16,2016,#N/A,
02.05.2016,May-16,2016,6.07,
03.05.2016,May-16,2016,5.96,
04.05.2016,May-16,2016,6.12,
05.05.2016,May-16,2016,6.2,
06.05.2016,May-16,2016,5.85,
07.05.2016,May-16,2016,#N/A,
08.05.2016,May-16,2016,#N/A,
09.05.2016,May-16,2016,5.69,
10.05.2016,May-16,2016,5.89,
11.05.2016,May-16,2016,5.99,
12.05.2016,May-16,2016,5.8,
13.05.2016,May-16,2016,5.81,
14.05.2016,May-16,2016,#N/A,
15.05.2016,May-16,2016,#N/A,
16.05.2016,May-16,2016,6.07,
17.05.2016,May-16,2016,6.03,
18.05.2016,May-16,2016,6.04,
19.05.2016,May-16,2016,5.97,
20.05.2016,May-16,2016,5.95,
21.05.2016,May-16,2016,#N/A,
22.05.2016,May-16,2016,#N/A,
23.05.2016,May-16,2016,5.72,
24.05.2016,May-16,2016,5.78,
25.05.2016,May-16,2016,5.85,
26.05.2016,May-16,2016,6.01,
27.05.2016,May-16,2016,6.03,
28.05.2016,May-16,2016,#N/A,
29.05.2016,May-16,2016,#N/A,
30.05.2016,May-16,2016,6.1,
31.05.2016,May-16,2016,6.09,
01.06.2016,Jun-16,2016,5.95,
02.06.2016,Jun-16,2016,6.01,
03.06.2016,Jun-16,2016,5.93,
04.06.2016,Jun-16,2016,#N/A,
05.06.2016,Jun-16,2016,#N/A,
06.06.2016,Jun-16,2016,6.2,
07.06.2016,Jun-16,2016,6.11,
08.06.2016,Jun-16,2016,6.1,
09.06.2016,Jun-16,2016,6.1,
10.06.2016,Jun-16,2016,5.94,
11.06.2016,Jun-16,2016,#N/A,
12.06.2016,Jun-16,2016,#N/A,
13.06.2016,Jun-16,2016,5.86,
14.06.2016,Jun-16,2016,5.86,
15.06.2016,Jun-16,2016,5.9,
16.06.2016,Jun-16,2016,5.7,
17.06.2016,Jun-16,2016,5.65,
18.06.2016,Jun-16,2016,#N/A,
19.06.2016,Jun-16,2016,#N/A,
20.06.2016,Jun-16,2016,5.85,
21.06.2016,Jun-16,2016,5.56,
22.06.2016,Jun-16,2016,5.66,
23.06.2016,Jun-16,2016,5.64,
24.06.2016,Jun-16,2016,4.96,
25.06.2016,Jun-16,2016,#N/A,
26.06.2016,Jun-16,2016,#N/A,
27.06.2016,Jun-16,2016,4.77,
28.06.2016,Jun-16,2016,4.69,
29.06.2016,Jun-16,2016,4.51,
30.06.2016,Jun-16,2016,4.46,
01.07.2016,Jul-16,2016,4.6,
02.07.2016,Jul-16,2016,#N/A,
03.07.2016,Jul-16,2016,#N/A,
04.07.2016,Jul-16,2016,4.95,
05.07.2016,Jul-16,2016,4.71,
06.07.2016,Jul-16,2016,4.57,
07.07.2016,Jul-16,2016,4.57,
08.07.2016,Jul-16,2016,4.54,
09.07.2016,Jul-16,2016,#N/A,
10.07.2016,Jul-16,2016,#N/A,
11.07.2016,Jul-16,2016,4.42,
12.07.2016,Jul-16,2016,4.62,
13.07.2016,Jul-16,2016,4.76,
14.07.2016,Jul-16,2016,4.77,
15.07.2016,Jul-16,2016,4.92,
16.07.2016,Jul-16,2016,#N/A,
17.07.2016,Jul-16,2016,#N/A,
18.07.2016,Jul-16,2016,4.84,
19.07.2016,Jul-16,2016,4.67,
20.07.2016,Jul-16,2016,4.67,
21.07.2016,Jul-16,2016,4.64,
22.07.2016,Jul-16,2016,4.56,
23.07.2016,Jul-16,2016,#N/A,
24.07.2016,Jul-16,2016,#N/A,
25.07.2016,Jul-16,2016,4.59,
26.07.2016,Jul-16,2016,4.52,
27.07.2016,Jul-16,2016,4.52,
28.07.2016,Jul-16,2016,4.48,
29.07.2016,Jul-16,2016,4.41,
30.07.2016,Jul-16,2016,#N/A,
31.07.2016,Jul-16,2016,#N/A,
01.08.2016,Aug-16,2016,4.37,
02.08.2016,Aug-16,2016,4.4,
03.08.2016,Aug-16,2016,4.61,
04.08.2016,Aug-16,2016,4.69,
05.08.2016,Aug-16,2016,4.72,
06.08.2016,Aug-16,2016,#N/A,
07.08.2016,Aug-16,2016,#N/A,
08.08.2016,Aug-16,2016,4.93,
09.08.2016,Aug-16,2016,4.88,
10.08.2016,Aug-16,2016,4.77,
11.08.2016,Aug-16,2016,4.88,
12.08.2016,Aug-16,2016,4.89,
13.08.2016,Aug-16,2016,#N/A,
14.08.2016,Aug-16,2016,#N/A,
15.08.2016,Aug-16,2016,4.79,
16.08.2016,Aug-16,2016,4.68,
17.08.2016,Aug-16,2016,4.49,
18.08.2016,Aug-16,2016,4.66,
19.08.2016,Aug-16,2016,4.75,
20.08.2016,Aug-16,2016,#N/A,
21.08.2016,Aug-16,2016,#N/A,
22.08.2016,Aug-16,2016,4.88,
23.08.2016,Aug-16,2016,4.7,
24.08.2016,Aug-16,2016,4.59,
25.08.2016,Aug-16,2016,4.7,
26.08.2016,Aug-16,2016,4.7,
27.08.2016,Aug-16,2016,#N/A,
28.08.2016,Aug-16,2016,#N/A,
29.08.2016,Aug-16,2016,4.69,
30.08.2016,Aug-16,2016,4.56,
31.08.2016,Aug-16,2016,4.46,
01.09.2016,Sep-16,2016,4.38,
02.09.2016,Sep-16,2016,4.09,
03.09.2016,Sep-16,2016,#N/A,
04.09.2016,Sep-16,2016,#N/A,
05.09.2016,Sep-16,2016,3.91,
06.09.2016,Sep-16,2016,4.14,
07.09.2016,Sep-16,2016,4.01,
08.09.2016,Sep-16,2016,4.07,
09.09.2016,Sep-16,2016,4.08,
10.09.2016,Sep-16,2016,#N/A,
11.09.2016,Sep-16,2016,#N/A,
12.09.2016,Sep-16,2016,4.04,
13.09.2016,Sep-16,2016,4.03,
14.09.2016,Sep-16,2016,3.99,
15.09.2016,Sep-16,2016,4.14,
16.09.2016,Sep-16,2016,4.35,
17.09.2016,Sep-16,2016,#N/A,
18.09.2016,Sep-16,2016,#N/A,
19.09.2016,Sep-16,2016,4.4,
20.09.2016,Sep-16,2016,4.17,
21.09.2016,Sep-16,2016,4.21,
22.09.2016,Sep-16,2016,4.43,
23.09.2016,Sep-16,2016,4.55,
24.09.2016,Sep-16,2016,#N/A,
25.09.2016,Sep-16,2016,#N/A,
26.09.2016,Sep-16,2016,4.63,
27.09.2016,Sep-16,2016,4.44,
28.09.2016,Sep-16,2016,4.96,
29.09.2016,Sep-16,2016,5.02,
30.09.2016,Sep-16,2016,4.97,
01.10.2016,Oct-16,2016,#N/A,
02.10.2016,Oct-16,2016,#N/A,
03.10.2016,Oct-16,2016,5.31,
04.10.2016,Oct-16,2016,5.19,
05.10.2016,Oct-16,2016,5.48,
06.10.2016,Oct-16,2016,5.86,
07.10.2016,Oct-16,2016,5.69,
08.10.2016,Oct-16,2016,#N/A,
09.10.2016,Oct-16,2016,#N/A,
10.10.2016,Oct-16,2016,5.67,
11.10.2016,Oct-16,2016,5.42,
12.10.2016,Oct-16,2016,5.52,
13.10.2016,Oct-16,2016,5.66,
14.10.2016,Oct-16,2016,5.81,
15.10.2016,Oct-16,2016,#N/A,
16.10.2016,Oct-16,2016,#N/A,
17.10.2016,Oct-16,2016,5.87,
18.10.2016,Oct-16,2016,5.95,
19.10.2016,Oct-16,2016,5.67,
20.10.2016,Oct-16,2016,5.57,
21.10.2016,Oct-16,2016,5.9,
22.10.2016,Oct-16,2016,#N/A,
23.10.2016,Oct-16,2016,#N/A,
24.10.2016,Oct-16,2016,5.8,
25.10.2016,Oct-16,2016,5.8,
26.10.2016,Oct-16,2016,5.94,
27.10.2016,Oct-16,2016,5.79,
28.10.2016,Oct-16,2016,5.87,
29.10.2016,Oct-16,2016,#N/A,
30.10.2016,Oct-16,2016,#N/A,
31.10.2016,Oct-16,2016,5.9,
01.11.2016,Nov-16,2016,6.03,
02.11.2016,Nov-16,2016,6.23,
03.11.2016,Nov-16,2016,6.51,
04.11.2016,Nov-16,2016,6.4,
05.11.2016,Nov-16,2016,#N/A,
06.11.2016,Nov-16,2016,#N/A,
07.11.2016,Nov-16,2016,6.22,
08.11.2016,Nov-16,2016,6.14,
09.11.2016,Nov-16,2016,6.12,
10.11.2016,Nov-16,2016,5.92,
11.11.2016,Nov-16,2016,5.68,
12.11.2016,Nov-16,2016,#N/A,
13.11.2016,Nov-16,2016,#N/A,
14.11.2016,Nov-16,2016,5.4,
15.11.2016,Nov-16,2016,5.73,
16.11.2016,Nov-16,2016,5.55,
17.11.2016,Nov-16,2016,5.9,
18.11.2016,Nov-16,2016,5.57,
19.11.2016,Nov-16,2016,#N/A,
20.11.2016,Nov-16,2016,#N/A,
21.11.2016,Nov-16,2016,5.49,
22.11.2016,Nov-16,2016,5.51,
23.11.2016,Nov-16,2016,5.39,
24.11.2016,Nov-16,2016,5.33,
25.11.2016,Nov-16,2016,5.02,
26.11.2016,Nov-16,2016,#N/A,
27.11.2016,Nov-16,2016,#N/A,
28.11.2016,Nov-16,2016,4.73,
29.11.2016,Nov-16,2016,4.56,
30.11.2016,Nov-16,2016,4.58,
01.12.2016,Dec-16,2016,4.46,
02.12.2016,Dec-16,2016,4.29,
03.12.2016,Dec-16,2016,#N/A,
04.12.2016,Dec-16,2016,#N/A,
05.12.2016,Dec-16,2016,4.37,
06.12.2016,Dec-16,2016,4.5,
07.12.2016,Dec-16,2016,4.3,
08.12.2016,Dec-16,2016,4.37,
09.12.2016,Dec-16,2016,4.48,
10.12.2016,Dec-16,2016,#N/A,
11.12.2016,Dec-16,2016,#N/A,
12.12.2016,Dec-16,2016,4.87,
13.12.2016,Dec-16,2016,4.8,
14.12.2016,Dec-16,2016,5,
15.12.2016,Dec-16,2016,4.83,
16.12.2016,Dec-16,2016,4.95,
17.12.2016,Dec-16,2016,#N/A,
18.12.2016,Dec-16,2016,#N/A,
19.12.2016,Dec-16,2016,5.09,
20.12.2016,Dec-16,2016,5.25,
21.12.2016,Dec-16,2016,5.81,
22.12.2016,Dec-16,2016,6.07,
23.12.2016,Dec-16,2016,6.31,
24.12.2016,Dec-16,2016,#N/A,
25.12.2016,Dec-16,2016,#N/A,
26.12.2016,Dec-16,2016,#N/A,
27.12.2016,Dec-16,2016,6.31,
28.12.2016,Dec-16,2016,6.32,
29.12.2016,Dec-16,2016,6.34,
30.12.2016,Dec-16,2016,6.55,
31.12.2016,Dec-16,2016,#N/A,
01.01.2017,Jan-17,2017,#N/A,
02.01.2017,Jan-17,2017,6.13,
03.01.2017,Jan-17,2017,5.43,
04.01.2017,Jan-17,2017,5.7,
05.01.2017,Jan-17,2017,5.28,
06.01.2017,Jan-17,2017,5.03,
07.01.2017,Jan-17,2017,#N/A,
08.01.2017,Jan-17,2017,#N/A,
09.01.2017,Jan-17,2017,5.26,
10.01.2017,Jan-17,2017,5.49,
11.01.2017,Jan-17,2017,5.52,
12.01.2017,Jan-17,2017,5.03,
13.01.2017,Jan-17,2017,5.03,
14.01.2017,Jan-17,2017,#N/A,
15.01.2017,Jan-17,2017,#N/A,
16.01.2017,Jan-17,2017,4.69,
17.01.2017,Jan-17,2017,5,
18.01.2017,Jan-17,2017,4.84,
19.01.2017,Jan-17,2017,5.18,
20.01.2017,Jan-17,2017,5.42,
21.01.2017,Jan-17,2017,#N/A,
22.01.2017,Jan-17,2017,#N/A,
23.01.2017,Jan-17,2017,5.31,
24.01.2017,Jan-17,2017,5.08,
25.01.2017,Jan-17,2017,4.99,
26.01.2017,Jan-17,2017,5.18,
27.01.2017,Jan-17,2017,4.93,
28.01.2017,Jan-17,2017,#N/A,
29.01.2017,Jan-17,2017,#N/A,
30.01.2017,Jan-17,2017,5.15,
31.01.2017,Jan-17,2017,5.34,
01.02.2017,Feb-17,2017,5.27,
02.02.2017,Feb-17,2017,5.22,
03.02.2017,Feb-17,2017,5.16,
04.02.2017,Feb-17,2017,#N/A,
05.02.2017,Feb-17,2017,#N/A,
06.02.2017,Feb-17,2017,5.1,
07.02.2017,Feb-17,2017,5.16,
08.02.2017,Feb-17,2017,5.21,
09.02.2017,Feb-17,2017,5.28,
10.02.2017,Feb-17,2017,5.12,
11.02.2017,Feb-17,2017,#N/A,
12.02.2017,Feb-17,2017,#N/A,
13.02.2017,Feb-17,2017,4.9,
14.02.2017,Feb-17,2017,5.12,
15.02.2017,Feb-17,2017,5.05,
16.02.2017,Feb-17,2017,4.93,
17.02.2017,Feb-17,2017,4.97,
18.02.2017,Feb-17,2017,#N/A,
19.02.2017,Feb-17,2017,#N/A,
20.02.2017,Feb-17,2017,5.08,
21.02.2017,Feb-17,2017,5.04,
22.02.2017,Feb-17,2017,5.06,
23.02.2017,Feb-17,2017,5.33,
24.02.2017,Feb-17,2017,5.37,
25.02.2017,Feb-17,2017,#N/A,
26.02.2017,Feb-17,2017,#N/A,
27.02.2017,Feb-17,2017,5.19,
28.02.2017,Feb-17,2017,5.2,
01.03.2017,Mar-17,2017,5.9,
02.03.2017,Mar-17,2017,5.46,
03.03.2017,Mar-17,2017,5.58,
04.03.2017,Mar-17,2017,#N/A,
05.03.2017,Mar-17,2017,#N/A,
06.03.2017,Mar-17,2017,5.49,
07.03.2017,Mar-17,2017,5.38,
08.03.2017,Mar-17,2017,5.24,
09.03.2017,Mar-17,2017,5.13,
10.03.2017,Mar-17,2017,5.15,
11.03.2017,Mar-17,2017,#N/A,
12.03.2017,Mar-17,2017,#N/A,
13.03.2017,Mar-17,2017,5.15,
14.03.2017,Mar-17,2017,5.1,
15.03.2017,Mar-17,2017,5.19,
16.03.2017,Mar-17,2017,5.14,
17.03.2017,Mar-17,2017,5.12,
18.03.2017,Mar-17,2017,#N/A,
19.03.2017,Mar-17,2017,#N/A,
20.03.2017,Mar-17,2017,4.98,
21.03.2017,Mar-17,2017,4.93,
22.03.2017,Mar-17,2017,4.96,
23.03.2017,Mar-17,2017,4.96,
24.03.2017,Mar-17,2017,4.76,
25.03.2017,Mar-17,2017,#N/A,
26.03.2017,Mar-17,2017,#N/A,
27.03.2017,Mar-17,2017,4.63,
28.03.2017,Mar-17,2017,4.73,
29.03.2017,Mar-17,2017,4.75,
30.03.2017,Mar-17,2017,4.91,
31.03.2017,Mar-17,2017,4.67,
01.04.2017,Apr-17,2017,#N/A,
02.04.2017,Apr-17,2017,#N/A,
03.04.2017,Apr-17,2017,4.84,
04.04.2017,Apr-17,2017,4.64,
05.04.2017,Apr-17,2017,4.82,
06.04.2017,Apr-17,2017,5.05,
07.04.2017,Apr-17,2017,4.89,
08.04.2017,Apr-17,2017,#N/A,
09.04.2017,Apr-17,2017,#N/A,
10.04.2017,Apr-17,2017,4.78,
11.04.2017,Apr-17,2017,4.85,
12.04.2017,Apr-17,2017,4.93,
13.04.2017,Apr-17,2017,4.95,
14.04.2017,Apr-17,2017,#N/A,
15.04.2017,Apr-17,2017,#N/A,
16.04.2017,Apr-17,2017,#N/A,
17.04.2017,Apr-17,2017,#N/A,
18.04.2017,Apr-17,2017,4.86,
19.04.2017,Apr-17,2017,4.83,
20.04.2017,Apr-17,2017,4.75,
21.04.2017,Apr-17,2017,4.57,
22.04.2017,Apr-17,2017,#N/A,
23.04.2017,Apr-17,2017,#N/A,
24.04.2017,Apr-17,2017,4.64,
25.04.2017,Apr-17,2017,4.49,
26.04.2017,Apr-17,2017,4.61,
27.04.2017,Apr-17,2017,4.55,
28.04.2017,Apr-17,2017,4.57,
29.04.2017,Apr-17,2017,#N/A,
30.04.2017,Apr-17,2017,#N/A,
01.05.2017,May-17,2017,#N/A,
02.05.2017,May-17,2017,4.44,
03.05.2017,May-17,2017,4.39,
04.05.2017,May-17,2017,4.52,
05.05.2017,May-17,2017,4.58,
06.05.2017,May-17,2017,#N/A,
07.05.2017,May-17,2017,#N/A,
08.05.2017,May-17,2017,4.41,
09.05.2017,May-17,2017,4.51,
10.05.2017,May-17,2017,4.44,
11.05.2017,May-17,2017,4.35,
12.05.2017,May-17,2017,4.45,
13.05.2017,May-17,2017,#N/A,
14.05.2017,May-17,2017,#N/A,
15.05.2017,May-17,2017,4.38,
16.05.2017,May-17,2017,4.53,
17.05.2017,May-17,2017,4.57,
18.05.2017,May-17,2017,4.76,
19.05.2017,May-17,2017,4.85,
20.05.2017,May-17,2017,#N/A,
21.05.2017,May-17,2017,#N/A,
22.05.2017,May-17,2017,4.91,
23.05.2017,May-17,2017,4.74,
24.05.2017,May-17,2017,4.91,
25.05.2017,May-17,2017,4.98,
26.05.2017,May-17,2017,5.17,
27.05.2017,May-17,2017,#N/A,
28.05.2017,May-17,2017,#N/A,
29.05.2017,May-17,2017,5.16,
30.05.2017,May-17,2017,5.14,
31.05.2017,May-17,2017,4.97,
01.06.2017,Jun-17,2017,5.08,
02.06.2017,Jun-17,2017,5.15,
03.06.2017,Jun-17,2017,#N/A,
04.06.2017,Jun-17,2017,#N/A,
05.06.2017,Jun-17,2017,5.17,
06.06.2017,Jun-17,2017,4.96,
07.06.2017,Jun-17,2017,4.87,
08.06.2017,Jun-17,2017,5.05,
09.06.2017,Jun-17,2017,5.03,
10.06.2017,Jun-17,2017,#N/A,
11.06.2017,Jun-17,2017,#N/A,
12.06.2017,Jun-17,2017,4.92,
13.06.2017,Jun-17,2017,5,
14.06.2017,Jun-17,2017,4.92,
15.06.2017,Jun-17,2017,4.95,
16.06.2017,Jun-17,2017,4.87,
17.06.2017,Jun-17,2017,#N/A,
18.06.2017,Jun-17,2017,#N/A,
19.06.2017,Jun-17,2017,4.92,
20.06.2017,Jun-17,2017,4.94,
21.06.2017,Jun-17,2017,4.88,
22.06.2017,Jun-17,2017,4.86,
23.06.2017,Jun-17,2017,4.87,
24.06.2017,Jun-17,2017,#N/A,
25.06.2017,Jun-17,2017,#N/A,
26.06.2017,Jun-17,2017,4.78,
27.06.2017,Jun-17,2017,4.93,
28.06.2017,Jun-17,2017,4.93,
29.06.2017,Jun-17,2017,5.07,
30.06.2017,Jun-17,2017,5.03,
01.07.2017,Jul-17,2017,#N/A,
02.07.2017,Jul-17,2017,#N/A,
03.07.2017,Jul-17,2017,5.13,
04.07.2017,Jul-17,2017,5.11,
05.07.2017,Jul-17,2017,5.04,
06.07.2017,Jul-17,2017,5.23,
07.07.2017,Jul-17,2017,5.34,
08.07.2017,Jul-17,2017,#N/A,
09.07.2017,Jul-17,2017,#N/A,
10.07.2017,Jul-17,2017,5.39,
11.07.2017,Jul-17,2017,5.31,
12.07.2017,Jul-17,2017,5.47,
13.07.2017,Jul-17,2017,5.35,
14.07.2017,Jul-17,2017,5.41,
15.07.2017,Jul-17,2017,#N/A,
16.07.2017,Jul-17,2017,#N/A,
17.07.2017,Jul-17,2017,5.42,
18.07.2017,Jul-17,2017,5.45,
19.07.2017,Jul-17,2017,5.39,
20.07.2017,Jul-17,2017,5.29,
21.07.2017,Jul-17,2017,5.08,
22.07.2017,Jul-17,2017,#N/A,
23.07.2017,Jul-17,2017,#N/A,
24.07.2017,Jul-17,2017,5.13,
25.07.2017,Jul-17,2017,5.16,
26.07.2017,Jul-17,2017,5.25,
27.07.2017,Jul-17,2017,5.13,
28.07.2017,Jul-17,2017,5.17,
29.07.2017,Jul-17,2017,#N/A,
30.07.2017,Jul-17,2017,#N/A,
31.07.2017,Jul-17,2017,5.22,
01.08.2017,Aug-17,2017,5.28,
02.08.2017,Aug-17,2017,5.41,
03.08.2017,Aug-17,2017,5.41,
04.08.2017,Aug-17,2017,5.35,
05.08.2017,Aug-17,2017,#N/A,
06.08.2017,Aug-17,2017,#N/A,
07.08.2017,Aug-17,2017,5.26,
08.08.2017,Aug-17,2017,5.27,
09.08.2017,Aug-17,2017,5.36,
10.08.2017,Aug-17,2017,5.36,
11.08.2017,Aug-17,2017,5.37,
12.08.2017,Aug-17,2017,#N/A,
13.08.2017,Aug-17,2017,#N/A,
14.08.2017,Aug-17,2017,5.5,
15.08.2017,Aug-17,2017,5.52,
16.08.2017,Aug-17,2017,5.78,
17.08.2017,Aug-17,2017,5.79,
18.08.2017,Aug-17,2017,5.81,
19.08.2017,Aug-17,2017,#N/A,
20.08.2017,Aug-17,2017,#N/A,
21.08.2017,Aug-17,2017,5.74,
22.08.2017,Aug-17,2017,5.76,
23.08.2017,Aug-17,2017,5.93,
24.08.2017,Aug-17,2017,5.93,
25.08.2017,Aug-17,2017,6.06,
26.08.2017,Aug-17,2017,#N/A,
27.08.2017,Aug-17,2017,#N/A,
28.08.2017,Aug-17,2017,6.09,
29.08.2017,Aug-17,2017,6.02,
30.08.2017,Aug-17,2017,6.01,
31.08.2017,Aug-17,2017,5.93,
01.09.2017,Sep-17,2017,5.82,
02.09.2017,Sep-17,2017,#N/A,
03.09.2017,Sep-17,2017,#N/A,
04.09.2017,Sep-17,2017,5.92,
05.09.2017,Sep-17,2017,6.49,
06.09.2017,Sep-17,2017,6.7,
07.09.2017,Sep-17,2017,6.89,
08.09.2017,Sep-17,2017,7.06,
09.09.2017,Sep-17,2017,#N/A,
10.09.2017,Sep-17,2017,#N/A,
11.09.2017,Sep-17,2017,6.86,
12.09.2017,Sep-17,2017,6.83,
13.09.2017,Sep-17,2017,7.09,
14.09.2017,Sep-17,2017,7.1,
15.09.2017,Sep-17,2017,6.93,
16.09.2017,Sep-17,2017,#N/A,
17.09.2017,Sep-17,2017,#N/A,
18.09.2017,Sep-17,2017,6.72,
19.09.2017,Sep-17,2017,7.01,
20.09.2017,Sep-17,2017,6.88,
21.09.2017,Sep-17,2017,6.56,
22.09.2017,Sep-17,2017,6.64,
23.09.2017,Sep-17,2017,#N/A,
24.09.2017,Sep-17,2017,#N/A,
25.09.2017,Sep-17,2017,7.28,
26.09.2017,Sep-17,2017,6.97,
27.09.2017,Sep-17,2017,6.91,
28.09.2017,Sep-17,2017,6.96,
29.09.2017,Sep-17,2017,7.06,
30.09.2017,Sep-17,2017,#N/A,
01.10.2017,Oct-17,2017,#N/A,
02.10.2017,Oct-17,2017,6.93,
03.10.2017,Oct-17,2017,6.99,
04.10.2017,Oct-17,2017,6.89,
05.10.2017,Oct-17,2017,6.87,
06.10.2017,Oct-17,2017,6.98,
07.10.2017,Oct-17,2017,#N/A,
08.10.2017,Oct-17,2017,#N/A,
09.10.2017,Oct-17,2017,6.94,
10.10.2017,Oct-17,2017,7.36,
11.10.2017,Oct-17,2017,7.35,
12.10.2017,Oct-17,2017,7.4,
13.10.2017,Oct-17,2017,7.32,
14.10.2017,Oct-17,2017,#N/A,
15.10.2017,Oct-17,2017,#N/A,
16.10.2017,Oct-17,2017,7.36,
17.10.2017,Oct-17,2017,7.4,
18.10.2017,Oct-17,2017,7.79,
19.10.2017,Oct-17,2017,7.64,
20.10.2017,Oct-17,2017,7.57,
21.10.2017,Oct-17,2017,#N/A,
22.10.2017,Oct-17,2017,#N/A,
23.10.2017,Oct-17,2017,7.44,
24.10.2017,Oct-17,2017,7.46,
25.10.2017,Oct-17,2017,7.39,
26.10.2017,Oct-17,2017,7.2,
27.10.2017,Oct-17,2017,7.16,
28.10.2017,Oct-17,2017,#N/A,
29.10.2017,Oct-17,2017,#N/A,
30.10.2017,Oct-17,2017,7.14,
31.10.2017,Oct-17,2017,7.38,
01.11.2017,Nov-17,2017,7.49,
02.11.2017,Nov-17,2017,7.67,
03.11.2017,Nov-17,2017,7.87,
04.11.2017,Nov-17,2017,#N/A,
05.11.2017,Nov-17,2017,#N/A,
06.11.2017,Nov-17,2017,7.92,
07.11.2017,Nov-17,2017,7.76,
08.11.2017,Nov-17,2017,7.7,
09.11.2017,Nov-17,2017,7.55,
10.11.2017,Nov-17,2017,7.4,
11.11.2017,Nov-17,2017,#N/A,
12.11.2017,Nov-17,2017,#N/A,
13.11.2017,Nov-17,2017,7.34,
14.11.2017,Nov-17,2017,7.38,
15.11.2017,Nov-17,2017,7.68,
16.11.2017,Nov-17,2017,7.51,
17.11.2017,Nov-17,2017,7.49,
18.11.2017,Nov-17,2017,#N/A,
19.11.2017,Nov-17,2017,#N/A,
20.11.2017,Nov-17,2017,7.43,
21.11.2017,Nov-17,2017,7.4,
22.11.2017,Nov-17,2017,7.37,
23.11.2017,Nov-17,2017,7.64,
24.11.2017,Nov-17,2017,7.75,
25.11.2017,Nov-17,2017,#N/A,
26.11.2017,Nov-17,2017,#N/A,
27.11.2017,Nov-17,2017,7.7,
28.11.2017,Nov-17,2017,7.59,
29.11.2017,Nov-17,2017,7.7,
30.11.2017,Nov-17,2017,7.53,
01.12.2017,Dec-17,2017,7.68,
02.12.2017,Dec-17,2017,#N/A,
03.12.2017,Dec-17,2017,#N/A,
04.12.2017,Dec-17,2017,7.54,
05.12.2017,Dec-17,2017,7.43,
06.12.2017,Dec-17,2017,7.28,
07.12.2017,Dec-17,2017,7.35,
08.12.2017,Dec-17,2017,7.15,
09.12.2017,Dec-17,2017,#N/A,
10.12.2017,Dec-17,2017,#N/A,
11.12.2017,Dec-17,2017,7.21,
12.12.2017,Dec-17,2017,7.15,
13.12.2017,Dec-17,2017,7.07,
14.12.2017,Dec-17,2017,7.09,
15.12.2017,Dec-17,2017,7.18,
16.12.2017,Dec-17,2017,#N/A,
17.12.2017,Dec-17,2017,#N/A,
18.12.2017,Dec-17,2017,7.39,
19.12.2017,Dec-17,2017,7.5,
20.12.2017,Dec-17,2017,7.77,
21.12.2017,Dec-17,2017,7.98,
22.12.2017,Dec-17,2017,8.15,
23.12.2017,Dec-17,2017,#N/A,
24.12.2017,Dec-17,2017,#N/A,
25.12.2017,Dec-17,2017,#N/A,
26.12.2017,Dec-17,2017,#N/A,
27.12.2017,Dec-17,2017,8.14,
28.12.2017,Dec-17,2017,8.17,
29.12.2017,Dec-17,2017,8.09,
30.12.2017,Dec-17,2017,#N/A,
31.12.2017,Dec-17,2017,#N/A,
01.01.2018,Jan-18,2018,#N/A,
02.01.2018,Jan-18,2018,7.77,
03.01.2018,Jan-18,2018,7.8,
04.01.2018,Jan-18,2018,7.74,
05.01.2018,Jan-18,2018,7.75,
06.01.2018,Jan-18,2018,#N/A,
07.01.2018,Jan-18,2018,#N/A,
08.01.2018,Jan-18,2018,7.62,
09.01.2018,Jan-18,2018,7.75,
10.01.2018,Jan-18,2018,7.85,
11.01.2018,Jan-18,2018,7.78,
12.01.2018,Jan-18,2018,7.83,
13.01.2018,Jan-18,2018,#N/A,
14.01.2018,Jan-18,2018,#N/A,
15.01.2018,Jan-18,2018,7.75,
16.01.2018,Jan-18,2018,8.01,
17.01.2018,Jan-18,2018,8.15,
18.01.2018,Jan-18,2018,8.47,
19.01.2018,Jan-18,2018,8.73,
20.01.2018,Jan-18,2018,#N/A,
21.01.2018,Jan-18,2018,#N/A,
22.01.2018,Jan-18,2018,8.72,
23.01.2018,Jan-18,2018,8.98,
24.01.2018,Jan-18,2018,9.43,
25.01.2018,Jan-18,2018,9.21,
26.01.2018,Jan-18,2018,9.05,
27.01.2018,Jan-18,2018,#N/A,
28.01.2018,Jan-18,2018,#N/A,
29.01.2018,Jan-18,2018,8.97,
30.01.2018,Jan-18,2018,8.85,
31.01.2018,Jan-18,2018,9.23,
01.02.2018,Feb-18,2018,9.23,
02.02.2018,Feb-18,2018,8.92,
03.02.2018,Feb-18,2018,#N/A,
04.02.2018,Feb-18,2018,#N/A,
05.02.2018,Feb-18,2018,9.04,
06.02.2018,Feb-18,2018,8.78,
07.02.2018,Feb-18,2018,8.97,
08.02.2018,Feb-18,2018,9.09,
09.02.2018,Feb-18,2018,9.21,
10.02.2018,Feb-18,2018,#N/A,
11.02.2018,Feb-18,2018,#N/A,
12.02.2018,Feb-18,2018,9.45,
13.02.2018,Feb-18,2018,9.87,
14.02.2018,Feb-18,2018,9.58,
15.02.2018,Feb-18,2018,9.52,
16.02.2018,Feb-18,2018,9.48,
17.02.2018,Feb-18,2018,#N/A,
18.02.2018,Feb-18,2018,#N/A,
19.02.2018,Feb-18,2018,9.85,
20.02.2018,Feb-18,2018,9.7,
21.02.2018,Feb-18,2018,9.53,
22.02.2018,Feb-18,2018,9.69,
23.02.2018,Feb-18,2018,9.78,
24.02.2018,Feb-18,2018,#N/A,
25.02.2018,Feb-18,2018,#N/A,
26.02.2018,Feb-18,2018,9.6,
27.02.2018,Feb-18,2018,10.13,
28.02.2018,Feb-18,2018,10.07,
01.03.2018,Mar-18,2018,9.97,
02.03.2018,Mar-18,2018,10.1,
03.03.2018,Mar-18,2018,#N/A,
04.03.2018,Mar-18,2018,#N/A,
05.03.2018,Mar-18,2018,10.32,
06.03.2018,Mar-18,2018,10.44,
07.03.2018,Mar-18,2018,10.61,
08.03.2018,Mar-18,2018,11.08,
09.03.2018,Mar-18,2018,11.09,
10.03.2018,Mar-18,2018,#N/A,
11.03.2018,Mar-18,2018,#N/A,
12.03.2018,Mar-18,2018,11.06,
13.03.2018,Mar-18,2018,11.38,
14.03.2018,Mar-18,2018,11.17,
15.03.2018,Mar-18,2018,11.16,
16.03.2018,Mar-18,2018,11.14,
17.03.2018,Mar-18,2018,#N/A,
18.03.2018,Mar-18,2018,#N/A,
19.03.2018,Mar-18,2018,11.04,
20.03.2018,Mar-18,2018,11.52,
21.03.2018,Mar-18,2018,12.62,
22.03.2018,Mar-18,2018,12.3,
23.03.2018,Mar-18,2018,12.58,
24.03.2018,Mar-18,2018,#N/A,
25.03.2018,Mar-18,2018,#N/A,
26.03.2018,Mar-18,2018,12.95,
27.03.2018,Mar-18,2018,13.64,
28.03.2018,Mar-18,2018,12.96,
29.03.2018,Mar-18,2018,13.25,
30.03.2018,Mar-18,2018,#N/A,
31.03.2018,Mar-18,2018,#N/A,
01.04.2018,Apr-18,2018,#N/A,
02.04.2018,Apr-18,2018,#N/A,
03.04.2018,Apr-18,2018,13.28,
04.04.2018,Apr-18,2018,13.02,
05.04.2018,Apr-18,2018,12.61,
06.04.2018,Apr-18,2018,12.95,
07.04.2018,Apr-18,2018,#N/A,
08.04.2018,Apr-18,2018,#N/A,
09.04.2018,Apr-18,2018,13.3,
10.04.2018,Apr-18,2018,13.34,
11.04.2018,Apr-18,2018,13.39,
12.04.2018,Apr-18,2018,13.56,
13.04.2018,Apr-18,2018,13.9,
14.04.2018,Apr-18,2018,#N/A,
15.04.2018,Apr-18,2018,#N/A,
16.04.2018,Apr-18,2018,13.96,
17.04.2018,Apr-18,2018,13.7,
18.04.2018,Apr-18,2018,13.84,
19.04.2018,Apr-18,2018,13.41,
20.04.2018,Apr-18,2018,13,
21.04.2018,Apr-18,2018,#N/A,
22.04.2018,Apr-18,2018,#N/A,
23.04.2018,Apr-18,2018,12.85,
24.04.2018,Apr-18,2018,13.17,
25.04.2018,Apr-18,2018,13.21,
26.04.2018,Apr-18,2018,13.44,
27.04.2018,Apr-18,2018,13.51,
28.04.2018,Apr-18,2018,#N/A,
29.04.2018,Apr-18,2018,#N/A,
30.04.2018,Apr-18,2018,13.54,
01.05.2018,May-18,2018,#N/A,
02.05.2018,May-18,2018,13.02,
03.05.2018,May-18,2018,12.92,
04.05.2018,May-18,2018,12.99,
05.05.2018,May-18,2018,#N/A,
06.05.2018,May-18,2018,#N/A,
07.05.2018,May-18,2018,13.57,
08.05.2018,May-18,2018,13.54,
09.05.2018,May-18,2018,13.96,
10.05.2018,May-18,2018,14.56,
11.05.2018,May-18,2018,14.61,
12.05.2018,May-18,2018,#N/A,
13.05.2018,May-18,2018,#N/A,
14.05.2018,May-18,2018,14.62,
15.05.2018,May-18,2018,14.29,
16.05.2018,May-18,2018,15.14,
17.05.2018,May-18,2018,15.27,
18.05.2018,May-18,2018,15.22,
19.05.2018,May-18,2018,#N/A,
20.05.2018,May-18,2018,#N/A,
21.05.2018,May-18,2018,15.53,
22.05.2018,May-18,2018,15.93,
23.05.2018,May-18,2018,15.98,
24.05.2018,May-18,2018,16.26,
25.05.2018,May-18,2018,15.97,
26.05.2018,May-18,2018,#N/A,
27.05.2018,May-18,2018,#N/A,
28.05.2018,May-18,2018,16.28,
29.05.2018,May-18,2018,16.27,
30.05.2018,May-18,2018,15.82,
31.05.2018,May-18,2018,14.89,
01.06.2018,Jun-18,2018,15.27,
02.06.2018,Jun-18,2018,#N/A,
03.06.2018,Jun-18,2018,#N/A,
04.06.2018,Jun-18,2018,16.1,
05.06.2018,Jun-18,2018,15.73,
06.06.2018,Jun-18,2018,15.89,
07.06.2018,Jun-18,2018,15.97,
08.06.2018,Jun-18,2018,15.78,
09.06.2018,Jun-18,2018,#N/A,
10.06.2018,Jun-18,2018,#N/A,
11.06.2018,Jun-18,2018,15.45,
12.06.2018,Jun-18,2018,15.1,
13.06.2018,Jun-18,2018,15.28,
14.06.2018,Jun-18,2018,14.89,
15.06.2018,Jun-18,2018,14.51,
16.06.2018,Jun-18,2018,#N/A,
17.06.2018,Jun-18,2018,#N/A,
18.06.2018,Jun-18,2018,14.58,
19.06.2018,Jun-18,2018,14.22,
20.06.2018,Jun-18,2018,14.46,
21.06.2018,Jun-18,2018,14.79,
22.06.2018,Jun-18,2018,15.08,
23.06.2018,Jun-18,2018,#N/A,
24.06.2018,Jun-18,2018,#N/A,
25.06.2018,Jun-18,2018,15,
26.06.2018,Jun-18,2018,14.99,
27.06.2018,Jun-18,2018,15.22,
28.06.2018,Jun-18,2018,14.97,
29.06.2018,Jun-18,2018,14.95,
30.06.2018,Jun-18,2018,#N/A,
01.07.2018,Jul-18,2018,#N/A,
02.07.2018,Jul-18,2018,15.03,
03.07.2018,Jul-18,2018,15.06,
04.07.2018,Jul-18,2018,15.49,
05.07.2018,Jul-18,2018,15.65,
06.07.2018,Jul-18,2018,15.67,
07.07.2018,Jul-18,2018,#N/A,
08.07.2018,Jul-18,2018,#N/A,
09.07.2018,Jul-18,2018,15.97,
10.07.2018,Jul-18,2018,16.03,
11.07.2018,Jul-18,2018,16.28,
12.07.2018,Jul-18,2018,16.05,
13.07.2018,Jul-18,2018,16.02,
14.07.2018,Jul-18,2018,#N/A,
15.07.2018,Jul-18,2018,#N/A,
16.07.2018,Jul-18,2018,15.9,
17.07.2018,Jul-18,2018,16.03,
18.07.2018,Jul-18,2018,16.38,
19.07.2018,Jul-18,2018,16.83,
20.07.2018,Jul-18,2018,17.02,
21.07.2018,Jul-18,2018,#N/A,
22.07.2018,Jul-18,2018,#N/A,
23.07.2018,Jul-18,2018,17.35,
24.07.2018,Jul-18,2018,17.06,
25.07.2018,Jul-18,2018,17.29,
26.07.2018,Jul-18,2018,17.24,
27.07.2018,Jul-18,2018,17.08,
28.07.2018,Jul-18,2018,#N/A,
29.07.2018,Jul-18,2018,#N/A,
30.07.2018,Jul-18,2018,17.01,
31.07.2018,Jul-18,2018,17.35,
01.08.2018,Aug-18,2018,17.74,
02.08.2018,Aug-18,2018,17.6,
03.08.2018,Aug-18,2018,17.63,
04.08.2018,Aug-18,2018,#N/A,
05.08.2018,Aug-18,2018,#N/A,
06.08.2018,Aug-18,2018,17.54,
07.08.2018,Aug-18,2018,17.48,
08.08.2018,Aug-18,2018,17.35,
09.08.2018,Aug-18,2018,17.55,
10.08.2018,Aug-18,2018,17.84,
11.08.2018,Aug-18,2018,#N/A,
12.08.2018,Aug-18,2018,#N/A,
13.08.2018,Aug-18,2018,18.01,
14.08.2018,Aug-18,2018,18.08,
15.08.2018,Aug-18,2018,18.05,
16.08.2018,Aug-18,2018,17.95,
17.08.2018,Aug-18,2018,18.1,
18.08.2018,Aug-18,2018,#N/A,
19.08.2018,Aug-18,2018,#N/A,
20.08.2018,Aug-18,2018,18.44,
21.08.2018,Aug-18,2018,19.26,
22.08.2018,Aug-18,2018,19.76,
23.08.2018,Aug-18,2018,20.35,
24.08.2018,Aug-18,2018,20.63,
25.08.2018,Aug-18,2018,#N/A,
26.08.2018,Aug-18,2018,#N/A,
27.08.2018,Aug-18,2018,21.25,
28.08.2018,Aug-18,2018,20.64,
29.08.2018,Aug-18,2018,21.01,
30.08.2018,Aug-18,2018,21.12,
31.08.2018,Aug-18,2018,21.04,
01.09.2018,Sep-18,2018,#N/A,
02.09.2018,Sep-18,2018,#N/A,
03.09.2018,Sep-18,2018,20.11,
04.09.2018,Sep-18,2018,20.13,
05.09.2018,Sep-18,2018,20.32,
06.09.2018,Sep-18,2018,21.42,
07.09.2018,Sep-18,2018,23.17,
08.09.2018,Sep-18,2018,#N/A,
09.09.2018,Sep-18,2018,#N/A,
10.09.2018,Sep-18,2018,25.19,
11.09.2018,Sep-18,2018,24.11,
12.09.2018,Sep-18,2018,22.91,
13.09.2018,Sep-18,2018,18.86,
14.09.2018,Sep-18,2018,19.93,
15.09.2018,Sep-18,2018,#N/A,
16.09.2018,Sep-18,2018,#N/A,
17.09.2018,Sep-18,2018,20.92,
18.09.2018,Sep-18,2018,20.19,
19.09.2018,Sep-18,2018,21.43,
20.09.2018,Sep-18,2018,21.98,
21.09.2018,Sep-18,2018,22.08,
22.09.2018,Sep-18,2018,#N/A,
23.09.2018,Sep-18,2018,#N/A,
24.09.2018,Sep-18,2018,22.37,
25.09.2018,Sep-18,2018,21.18,
26.09.2018,Sep-18,2018,20.19,
27.09.2018,Sep-18,2018,20.77,
28.09.2018,Sep-18,2018,21.15,
29.09.2018,Sep-18,2018,#N/A,
30.09.2018,Sep-18,2018,#N/A,
01.10.2018,Oct-18,2018,21.31,
02.10.2018,Oct-18,2018,20.93,
03.10.2018,Oct-18,2018,21.13,
04.10.2018,Oct-18,2018,21.29,
05.10.2018,Oct-18,2018,22.11,
06.10.2018,Oct-18,2018,#N/A,
07.10.2018,Oct-18,2018,#N/A,
08.10.2018,Oct-18,2018,21.87,
09.10.2018,Oct-18,2018,20.75,
10.10.2018,Oct-18,2018,19.43,
11.10.2018,Oct-18,2018,19.85,
12.10.2018,Oct-18,2018,20.36,
13.10.2018,Oct-18,2018,#N/A,
14.10.2018,Oct-18,2018,#N/A,
15.10.2018,Oct-18,2018,18.58,
16.10.2018,Oct-18,2018,19.28,
17.10.2018,Oct-18,2018,19.24,
18.10.2018,Oct-18,2018,19.73,
19.10.2018,Oct-18,2018,19.7,
20.10.2018,Oct-18,2018,#N/A,
21.10.2018,Oct-18,2018,#N/A,
22.10.2018,Oct-18,2018,19,
23.10.2018,Oct-18,2018,19.23,
24.10.2018,Oct-18,2018,19.61,
25.10.2018,Oct-18,2018,19.07,
26.10.2018,Oct-18,2018,18.27,
27.10.2018,Oct-18,2018,#N/A,
28.10.2018,Oct-18,2018,#N/A,
29.10.2018,Oct-18,2018,16.68,
30.10.2018,Oct-18,2018,16.02,
31.10.2018,Oct-18,2018,16.37,
01.11.2018,Nov-18,2018,15.62,
02.11.2018,Nov-18,2018,17.07,
03.11.2018,Nov-18,2018,#N/A,
04.11.2018,Nov-18,2018,#N/A,
05.11.2018,Nov-18,2018,17.23,
06.11.2018,Nov-18,2018,17.56,
07.11.2018,Nov-18,2018,18.6,
08.11.2018,Nov-18,2018,19.57,
09.11.2018,Nov-18,2018,19.5,
10.11.2018,Nov-18,2018,#N/A,
11.11.2018,Nov-18,2018,#N/A,
12.11.2018,Nov-18,2018,20.49,
13.11.2018,Nov-18,2018,20.14,
14.11.2018,Nov-18,2018,19.74,
15.11.2018,Nov-18,2018,18.98,
16.11.2018,Nov-18,2018,19.1,
17.11.2018,Nov-18,2018,#N/A,
18.11.2018,Nov-18,2018,#N/A,
19.11.2018,Nov-18,2018,18.94,
20.11.2018,Nov-18,2018,19.45,
21.11.2018,Nov-18,2018,20.49,
22.11.2018,Nov-18,2018,20.91,
23.11.2018,Nov-18,2018,20.19,
24.11.2018,Nov-18,2018,#N/A,
25.11.2018,Nov-18,2018,#N/A,
26.11.2018,Nov-18,2018,19.82,
27.11.2018,Nov-18,2018,19.61,
28.11.2018,Nov-18,2018,19.29,
29.11.2018,Nov-18,2018,20.02,
30.11.2018,Nov-18,2018,20.49,
01.12.2018,Dec-18,2018,#N/A,
02.12.2018,Dec-18,2018,#N/A,
03.12.2018,Dec-18,2018,20.64,
04.12.2018,Dec-18,2018,20.73,
05.12.2018,Dec-18,2018,19.68,
06.12.2018,Dec-18,2018,19.99,
07.12.2018,Dec-18,2018,20.3,
08.12.2018,Dec-18,2018,#N/A,
09.12.2018,Dec-18,2018,#N/A,
10.12.2018,Dec-18,2018,20.86,
11.12.2018,Dec-18,2018,20.16,
12.12.2018,Dec-18,2018,21.47,
13.12.2018,Dec-18,2018,22.32,
14.12.2018,Dec-18,2018,23.38,
15.12.2018,Dec-18,2018,#N/A,
16.12.2018,Dec-18,2018,#N/A,
17.12.2018,Dec-18,2018,24.26,
18.12.2018,Dec-18,2018,23.99,
19.12.2018,Dec-18,2018,24.32,
20.12.2018,Dec-18,2018,24.16,
21.12.2018,Dec-18,2018,24.59,
22.12.2018,Dec-18,2018,#N/A,
23.12.2018,Dec-18,2018,#N/A,
24.12.2018,Dec-18,2018,#N/A,
25.12.2018,Dec-18,2018,#N/A,
26.12.2018,Dec-18,2018,#N/A,
27.12.2018,Dec-18,2018,24.66,
28.12.2018,Dec-18,2018,24.63,
29.12.2018,Dec-18,2018,#N/A,
30.12.2018,Dec-18,2018,#N/A,
31.12.2018,Dec-18,2018,#N/A,
01.01.2019,Jan-19,2019,#N/A,0
02.01.2019,Jan-19,2019,25.02,1
03.01.2019,Jan-19,2019,23.04,
04.01.2019,Jan-19,2019,23.49,
05.01.2019,Jan-19,2019,#N/A,
06.01.2019,Jan-19,2019,#N/A,
07.01.2019,Jan-19,2019,22.07,
08.01.2019,Jan-19,2019,22.65,
09.01.2019,Jan-19,2019,21.86,
10.01.2019,Jan-19,2019,21.93,
11.01.2019,Jan-19,2019,22.59,
12.01.2019,Jan-19,2019,#N/A,
13.01.2019,Jan-19,2019,#N/A,
14.01.2019,Jan-19,2019,22.4,
15.01.2019,Jan-19,2019,22.48,
16.01.2019,Jan-19,2019,23.25,
17.01.2019,Jan-19,2019,23.48,
18.01.2019,Jan-19,2019,24.68,
19.01.2019,Jan-19,2019,#N/A,
20.01.2019,Jan-19,2019,#N/A,
21.01.2019,Jan-19,2019,24.28,
22.01.2019,Jan-19,2019,25.01,
23.01.2019,Jan-19,2019,24.53,
24.01.2019,Jan-19,2019,23.89,
25.01.2019,Jan-19,2019,23.76,
26.01.2019,Jan-19,2019,#N/A,
27.01.2019,Jan-19,2019,#N/A,
28.01.2019,Jan-19,2019,22.6,
29.01.2019,Jan-19,2019,23.21,
30.01.2019,Jan-19,2019,22.86,
31.01.2019,Jan-19,2019,22.13,
01.02.2019,Feb-19,2019,21.84,
02.02.2019,Feb-19,2019,#N/A,
03.02.2019,Feb-19,2019,#N/A,
04.02.2019,Feb-19,2019,22.92,
05.02.2019,Feb-19,2019,23.04,
06.02.2019,Feb-19,2019,23.57,
07.02.2019,Feb-19,2019,23.34,
08.02.2019,Feb-19,2019,22.22,
09.02.2019,Feb-19,2019,#N/A,
10.02.2019,Feb-19,2019,#N/A,
11.02.2019,Feb-19,2019,22.26,
12.02.2019,Feb-19,2019,20.56,
13.02.2019,Feb-19,2019,20.81,
14.02.2019,Feb-19,2019,19.69,
15.02.2019,Feb-19,2019,20.29,
16.02.2019,Feb-19,2019,#N/A,
17.02.2019,Feb-19,2019,#N/A,
18.02.2019,Feb-19,2019,19.89,
19.02.2019,Feb-19,2019,20.09,
20.02.2019,Feb-19,2019,20.35,
21.02.2019,Feb-19,2019,18.72,
22.02.2019,Feb-19,2019,18.83,
23.02.2019,Feb-19,2019,#N/A,
24.02.2019,Feb-19,2019,#N/A,
25.02.2019,Feb-19,2019,19.15,
26.02.2019,Feb-19,2019,19.56,
27.02.2019,Feb-19,2019,21.16,
28.02.2019,Feb-19,2019,21.59,
01.03.2019,Mar-19,2019,22.18,
02.03.2019,Mar-19,2019,#N/A,
03.03.2019,Mar-19,2019,#N/A,
04.03.2019,Mar-19,2019,23.02,
05.03.2019,Mar-19,2019,22.81,
06.03.2019,Mar-19,2019,22.02,
07.03.2019,Mar-19,2019,23.16,
08.03.2019,Mar-19,2019,22.92,
09.03.2019,Mar-19,2019,#N/A,
10.03.2019,Mar-19,2019,#N/A,
11.03.2019,Mar-19,2019,22.18,
12.03.2019,Mar-19,2019,22.22,
13.03.2019,Mar-19,2019,22.16,
14.03.2019,Mar-19,2019,22.61,
15.03.2019,Mar-19,2019,22.35,
16.03.2019,Mar-19,2019,#N/A,
17.03.2019,Mar-19,2019,#N/A,
18.03.2019,Mar-19,2019,21.71,
19.03.2019,Mar-19,2019,21,
20.03.2019,Mar-19,2019,21.52,
21.03.2019,Mar-19,2019,20.82,
22.03.2019,Mar-19,2019,20.57,
23.03.2019,Mar-19,2019,#N/A,
24.03.2019,Mar-19,2019,#N/A,
25.03.2019,Mar-19,2019,20.83,
26.03.2019,Mar-19,2019,21.43,
27.03.2019,Mar-19,2019,21.73,
28.03.2019,Mar-19,2019,22.16,
29.03.2019,Mar-19,2019,21.45,
30.03.2019,Mar-19,2019,#N/A,
31.03.2019,Mar-19,2019,#N/A,
01.04.2019,Apr-19,2019,21.81,
02.04.2019,Apr-19,2019,21.92,
03.04.2019,Apr-19,2019,23.07,
04.04.2019,Apr-19,2019,24.33,
05.04.2019,Apr-19,2019,24.49,
06.04.2019,Apr-19,2019,#N/A,
07.04.2019,Apr-19,2019,#N/A,
08.04.2019,Apr-19,2019,24.22,
09.04.2019,Apr-19,2019,25.45,
10.04.2019,Apr-19,2019,26.04,
11.04.2019,Apr-19,2019,27.24,
12.04.2019,Apr-19,2019,26.5,
13.04.2019,Apr-19,2019,#N/A,
14.04.2019,Apr-19,2019,#N/A,
15.04.2019,Apr-19,2019,26.72,
16.04.2019,Apr-19,2019,26.93,
17.04.2019,Apr-19,2019,27.38,
18.04.2019,Apr-19,2019,26.8,
19.04.2019,Apr-19,2019,#N/A,
20.04.2019,Apr-19,2019,#N/A,
21.04.2019,Apr-19,2019,#N/A,
22.04.2019,Apr-19,2019,#N/A,
23.04.2019,Apr-19,2019,27.46,
24.04.2019,Apr-19,2019,27.33,
25.04.2019,Apr-19,2019,27.2,
26.04.2019,Apr-19,2019,25.75,
27.04.2019,Apr-19,2019,#N/A,
28.04.2019,Apr-19,2019,#N/A,
29.04.2019,Apr-19,2019,26.3,
30.04.2019,Apr-19,2019,26.19,
01.05.2019,May-19,2019,#N/A,
02.05.2019,May-19,2019,24.6,
03.05.2019,May-19,2019,25.11,
04.05.2019,May-19,2019,#N/A,
05.05.2019,May-19,2019,#N/A,
06.05.2019,May-19,2019,25.27,
07.05.2019,May-19,2019,26.32,
08.05.2019,May-19,2019,26.81,
09.05.2019,May-19,2019,26.41,
10.05.2019,May-19,2019,25.53,
11.05.2019,May-19,2019,#N/A,
12.05.2019,May-19,2019,#N/A,
13.05.2019,May-19,2019,24.96,
14.05.2019,May-19,2019,25.79,
15.05.2019,May-19,2019,25.88,
16.05.2019,May-19,2019,25.5,
17.05.2019,May-19,2019,24.93,
18.05.2019,May-19,2019,#N/A,
19.05.2019,May-19,2019,#N/A,
20.05.2019,May-19,2019,25.12,
21.05.2019,May-19,2019,25.31,
22.05.2019,May-19,2019,26.29,
23.05.2019,May-19,2019,25.98,
24.05.2019,May-19,2019,25.41,
25.05.2019,May-19,2019,#N/A,
26.05.2019,May-19,2019,#N/A,
27.05.2019,May-19,2019,25.51,
28.05.2019,May-19,2019,25.4,
29.05.2019,May-19,2019,25.45,
30.05.2019,May-19,2019,25.22,
31.05.2019,May-19,2019,24.41,
01.06.2019,Jun-19,2019,#N/A,
02.06.2019,Jun-19,2019,#N/A,
03.06.2019,Jun-19,2019,23.66,
04.06.2019,Jun-19,2019,24.48,
05.06.2019,Jun-19,2019,24.18,
06.06.2019,Jun-19,2019,23.91,
07.06.2019,Jun-19,2019,24.44,
08.06.2019,Jun-19,2019,#N/A,
09.06.2019,Jun-19,2019,#N/A,
10.06.2019,Jun-19,2019,25.12,
11.06.2019,Jun-19,2019,24.92,
12.06.2019,Jun-19,2019,24.77,
13.06.2019,Jun-19,2019,24.89,
14.06.2019,Jun-19,2019,24.99,
15.06.2019,Jun-19,2019,#N/A,
16.06.2019,Jun-19,2019,#N/A,
17.06.2019,Jun-19,2019,24.96,
18.06.2019,Jun-19,2019,25.06,
19.06.2019,Jun-19,2019,24.9,
20.06.2019,Jun-19,2019,25.02,
21.06.2019,Jun-19,2019,25.23,
22.06.2019,Jun-19,2019,#N/A,
23.06.2019,Jun-19,2019,#N/A,
24.06.2019,Jun-19,2019,26.31,
25.06.2019,Jun-19,2019,26.33,
26.06.2019,Jun-19,2019,27.33,
27.06.2019,Jun-19,2019,26.84,
28.06.2019,Jun-19,2019,26.24,
29.06.2019,Jun-19,2019,#N/A,
30.06.2019,Jun-19,2019,#N/A,
01.07.2019,Jul-19,2019,26.85,
02.07.2019,Jul-19,2019,26.66,
03.07.2019,Jul-19,2019,26.49,
04.07.2019,Jul-19,2019,25.97,
05.07.2019,Jul-19,2019,26.32,
06.07.2019,Jul-19,2019,#N/A,
07.07.2019,Jul-19,2019,#N/A,
08.07.2019,Jul-19,2019,26.76,
09.07.2019,Jul-19,2019,26.52,
10.07.2019,Jul-19,2019,28.15,
11.07.2019,Jul-19,2019,28.25,
12.07.2019,Jul-19,2019,28.75,
13.07.2019,Jul-19,2019,#N/A,
14.07.2019,Jul-19,2019,#N/A,
15.07.2019,Jul-19,2019,29.03,
16.07.2019,Jul-19,2019,28.44,
17.07.2019,Jul-19,2019,28.44,
18.07.2019,Jul-19,2019,27.73,
19.07.2019,Jul-19,2019,28.84,
20.07.2019,Jul-19,2019,#N/A,
21.07.2019,Jul-19,2019,#N/A,
22.07.2019,Jul-19,2019,28.94,
23.07.2019,Jul-19,2019,29.76,
24.07.2019,Jul-19,2019,29.15,
25.07.2019,Jul-19,2019,28.98,
26.07.2019,Jul-19,2019,28.26,
27.07.2019,Jul-19,2019,#N/A,
28.07.2019,Jul-19,2019,#N/A,
29.07.2019,Jul-19,2019,28.38,
30.07.2019,Jul-19,2019,27.84,
31.07.2019,Jul-19,2019,27.93,
01.08.2019,Aug-19,2019,29.41,
02.08.2019,Aug-19,2019,29.21,
03.08.2019,Aug-19,2019,#N/A,
04.08.2019,Aug-19,2019,#N/A,
05.08.2019,Aug-19,2019,28.65,
06.08.2019,Aug-19,2019,28.36,
07.08.2019,Aug-19,2019,28.24,
08.08.2019,Aug-19,2019,28.49,
09.08.2019,Aug-19,2019,28.1,
10.08.2019,Aug-19,2019,#N/A,
11.08.2019,Aug-19,2019,#N/A,
12.08.2019,Aug-19,2019,26.68,
13.08.2019,Aug-19,2019,27.09,
14.08.2019,Aug-19,2019,26.87,
15.08.2019,Aug-19,2019,25.97,
16.08.2019,Aug-19,2019,25.94,
17.08.2019,Aug-19,2019,#N/A,
18.08.2019,Aug-19,2019,#N/A,
19.08.2019,Aug-19,2019,26.55,
20.08.2019,Aug-19,2019,26.25,
21.08.2019,Aug-19,2019,26.02,
22.08.2019,Aug-19,2019,25.65,
23.08.2019,Aug-19,2019,25.06,
24.08.2019,Aug-19,2019,#N/A,
25.08.2019,Aug-19,2019,#N/A,
26.08.2019,Aug-19,2019,25.81,
27.08.2019,Aug-19,2019,25.4,
28.08.2019,Aug-19,2019,26,
29.08.2019,Aug-19,2019,26.45,
30.08.2019,Aug-19,2019,26.31,
31.08.2019,Aug-19,2019,#N/A,
01.09.2019,Sep-19,2019,#N/A,
02.09.2019,Sep-19,2019,25.18,
03.09.2019,Sep-19,2019,25.21,
04.09.2019,Sep-19,2019,25.51,
05.09.2019,Sep-19,2019,25.53,
06.09.2019,Sep-19,2019,25.09,
07.09.2019,Sep-19,2019,#N/A,
08.09.2019,Sep-19,2019,#N/A,
09.09.2019,Sep-19,2019,25.02,
10.09.2019,Sep-19,2019,26.71,
11.09.2019,Sep-19,2019,26.25,
12.09.2019,Sep-19,2019,26.41,
13.09.2019,Sep-19,2019,26.39,
14.09.2019,Sep-19,2019,#N/A,
15.09.2019,Sep-19,2019,#N/A,
16.09.2019,Sep-19,2019,27.02,
17.09.2019,Sep-19,2019,26.19,
18.09.2019,Sep-19,2019,25.44,
19.09.2019,Sep-19,2019,25.94,
20.09.2019,Sep-19,2019,26.52,
21.09.2019,Sep-19,2019,#N/A,
22.09.2019,Sep-19,2019,#N/A,
23.09.2019,Sep-19,2019,25.79,
24.09.2019,Sep-19,2019,25.53,
25.09.2019,Sep-19,2019,25.2,
26.09.2019,Sep-19,2019,25.62,
27.09.2019,Sep-19,2019,25.28,
28.09.2019,Sep-19,2019,#N/A,
29.09.2019,Sep-19,2019,#N/A,
30.09.2019,Sep-19,2019,24.72,
01.10.2019,Oct-19,2019,25.03,
02.10.2019,Oct-19,2019,24.19,
03.10.2019,Oct-19,2019,23.23,
04.10.2019,Oct-19,2019,22.94,
05.10.2019,Oct-19,2019,#N/A,
06.10.2019,Oct-19,2019,#N/A,
07.10.2019,Oct-19,2019,23.4,
08.10.2019,Oct-19,2019,22.52,
09.10.2019,Oct-19,2019,22.66,
10.10.2019,Oct-19,2019,23.25,
11.10.2019,Oct-19,2019,24.45,
12.10.2019,Oct-19,2019,#N/A,
13.10.2019,Oct-19,2019,#N/A,
14.10.2019,Oct-19,2019,24.15,
15.10.2019,Oct-19,2019,25.72,
16.10.2019,Oct-19,2019,26.31,
17.10.2019,Oct-19,2019,26.06,
18.10.2019,Oct-19,2019,25.87,
19.10.2019,Oct-19,2019,#N/A,
20.10.2019,Oct-19,2019,#N/A,
21.10.2019,Oct-19,2019,25.93,
22.10.2019,Oct-19,2019,25.65,
23.10.2019,Oct-19,2019,24.75,
24.10.2019,Oct-19,2019,25.43,
25.10.2019,Oct-19,2019,24.97,
26.10.2019,Oct-19,2019,#N/A,
27.10.2019,Oct-19,2019,#N/A,
28.10.2019,Oct-19,2019,25.11,
29.10.2019,Oct-19,2019,25.45,
30.10.2019,Oct-19,2019,25.99,
31.10.2019,Oct-19,2019,25.61,
01.11.2019,Nov-19,2019,25.28,
02.11.2019,Nov-19,2019,#N/A,
03.11.2019,Nov-19,2019,#N/A,
04.11.2019,Nov-19,2019,25.62,
05.11.2019,Nov-19,2019,25.5,
06.11.2019,Nov-19,2019,24.78,
07.11.2019,Nov-19,2019,24.93,
08.11.2019,Nov-19,2019,24.83,
09.11.2019,Nov-19,2019,#N/A,
10.11.2019,Nov-19,2019,#N/A,
11.11.2019,Nov-19,2019,24.92,
12.11.2019,Nov-19,2019,24.11,
13.11.2019,Nov-19,2019,24.38,
14.11.2019,Nov-19,2019,23.95,
15.11.2019,Nov-19,2019,23.84,
16.11.2019,Nov-19,2019,#N/A,
17.11.2019,Nov-19,2019,#N/A,
18.11.2019,Nov-19,2019,23.39,
19.11.2019,Nov-19,2019,23.43,
20.11.2019,Nov-19,2019,24.02,
21.11.2019,Nov-19,2019,23.93,
22.11.2019,Nov-19,2019,24.57,
23.11.2019,Nov-19,2019,#N/A,
24.11.2019,Nov-19,2019,#N/A,
25.11.2019,Nov-19,2019,24.43,
26.11.2019,Nov-19,2019,24.37,
27.11.2019,Nov-19,2019,25.11,
28.11.2019,Nov-19,2019,25.01,
29.11.2019,Nov-19,2019,25.22,
30.11.2019,Nov-19,2019,#N/A,
01.12.2019,Dec-19,2019,#N/A,
02.12.2019,Dec-19,2019,24.33,
03.12.2019,Dec-19,2019,24,
04.12.2019,Dec-19,2019,24.74,
05.12.2019,Dec-19,2019,24.69,
06.12.2019,Dec-19,2019,24.94,
07.12.2019,Dec-19,2019,#N/A,
08.12.2019,Dec-19,2019,#N/A,
09.12.2019,Dec-19,2019,25.13,
10.12.2019,Dec-19,2019,24.94,
11.12.2019,Dec-19,2019,24.48,
12.12.2019,Dec-19,2019,25.07,
13.12.2019,Dec-19,2019,24.02,
14.12.2019,Dec-19,2019,#N/A,
15.12.2019,Dec-19,2019,#N/A,
16.12.2019,Dec-19,2019,24.86,
17.12.2019,Dec-19,2019,25.92,
18.12.2019,Dec-19,2019,26.44,
19.12.2019,Dec-19,2019,26.71,
20.12.2019,Dec-19,2019,26.53,
21.12.2019,Dec-19,2019,#N/A,
22.12.2019,Dec-19,2019,#N/A,
23.12.2019,Dec-19,2019,26.41,
24.12.2019,Dec-19,2019,#N/A,
25.12.2019,Dec-19,2019,#N/A,
26.12.2019,Dec-19,2019,#N/A,
27.12.2019,Dec-19,2019,26.56,
28.12.2019,Dec-19,2019,#N/A,
29.12.2019,Dec-19,2019,#N/A,
30.12.2019,Dec-19,2019,24.93,
31.12.2019,Dec-19,2019,#N/A,
01.01.2020,Jan-20,2020,#N/A,0
02.01.2020,Jan-20,2020,24.24,1
03.01.2020,Jan-20,2020,24.86,
04.01.2020,Jan-20,2020,#N/A,
05.01.2020,Jan-20,2020,#N/A,
06.01.2020,Jan-20,2020,24.13,
07.01.2020,Jan-20,2020,24.45,
08.01.2020,Jan-20,2020,23.97,
09.01.2020,Jan-20,2020,24.58,
10.01.2020,Jan-20,2020,24.11,
11.01.2020,Jan-20,2020,#N/A,
12.01.2020,Jan-20,2020,#N/A,
13.01.2020,Jan-20,2020,24.05,
14.01.2020,Jan-20,2020,23.76,
15.01.2020,Jan-20,2020,24.42,
16.01.2020,Jan-20,2020,24.77,
17.01.2020,Jan-20,2020,25.36,
18.01.2020,Jan-20,2020,#N/A,
19.01.2020,Jan-20,2020,#N/A,
20.01.2020,Jan-20,2020,25.1,
21.01.2020,Jan-20,2020,24.85,
22.01.2020,Jan-20,2020,24.94,
23.01.2020,Jan-20,2020,24.62,
24.01.2020,Jan-20,2020,24.31,
25.01.2020,Jan-20,2020,#N/A,
26.01.2020,Jan-20,2020,#N/A,
27.01.2020,Jan-20,2020,24.51,
28.01.2020,Jan-20,2020,24.58,
29.01.2020,Jan-20,2020,23.91,
30.01.2020,Jan-20,2020,23.66,
31.01.2020,Jan-20,2020,23.8,
01.02.2020,Feb-20,2020,#N/A,
02.02.2020,Feb-20,2020,#N/A,
03.02.2020,Feb-20,2020,23.14,
04.02.2020,Feb-20,2020,23.29,
05.02.2020,Feb-20,2020,23.71,
06.02.2020,Feb-20,2020,23.5,
07.02.2020,Feb-20,2020,23.27,
08.02.2020,Feb-20,2020,#N/A,
09.02.2020,Feb-20,2020,#N/A,
10.02.2020,Feb-20,2020,23.1,
11.02.2020,Feb-20,2020,23.25,
12.02.2020,Feb-20,2020,23.83,
13.02.2020,Feb-20,2020,24.34,
14.02.2020,Feb-20,2020,24.23,
15.02.2020,Feb-20,2020,#N/A,
16.02.2020,Feb-20,2020,#N/A,
17.02.2020,Feb-20,2020,24.99,
18.02.2020,Feb-20,2020,25.09,
19.02.2020,Feb-20,2020,25.66,
20.02.2020,Feb-20,2020,25.59,
21.02.2020,Feb-20,2020,25.56,
22.02.2020,Feb-20,2020,#N/A,
23.02.2020,Feb-20,2020,#N/A,
24.02.2020,Feb-20,2020,24.53,
25.02.2020,Feb-20,2020,24.14,
26.02.2020,Feb-20,2020,24.23,
27.02.2020,Feb-20,2020,23.57,
28.02.2020,Feb-20,2020,23.57,
29.02.2020,Feb-20,2020,#N/A,
01.03.2020,Mar-20,2020,#N/A,
02.03.2020,Mar-20,2020,23.48,
03.03.2020,Mar-20,2020,23.34,
04.03.2020,Mar-20,2020,23.79,
05.03.2020,Mar-20,2020,23.77,
06.03.2020,Mar-20,2020,23.39,
07.03.2020,Mar-20,2020,#N/A,
08.03.2020,Mar-20,2020,#N/A,
09.03.2020,Mar-20,2020,23.25,
10.03.2020,Mar-20,2020,24.06,
11.03.2020,Mar-20,2020,23.89,
12.03.2020,Mar-20,2020,22.5,
13.03.2020,Mar-20,2020,21.9,
14.03.2020,Mar-20,2020,#N/A,
15.03.2020,Mar-20,2020,#N/A,
16.03.2020,Mar-20,2020,19.41,
17.03.2020,Mar-20,2020,18.24,
18.03.2020,Mar-20,2020,15.23,
19.03.2020,Mar-20,2020,16.31,
20.03.2020,Mar-20,2020,16.03,
21.03.2020,Mar-20,2020,#N/A,
22.03.2020,Mar-20,2020,#N/A,
23.03.2020,Mar-20,2020,15.45,
24.03.2020,Mar-20,2020,16.7,
25.03.2020,Mar-20,2020,17.42,
26.03.2020,Mar-20,2020,17.22,
27.03.2020,Mar-20,2020,16.26,
28.03.2020,Mar-20,2020,#N/A,
29.03.2020,Mar-20,2020,#N/A,
30.03.2020,Mar-20,2020,16.93,
31.03.2020,Mar-20,2020,17.54,
01.04.2020,Apr-20,2020,16.95,
02.04.2020,Apr-20,2020,17.93,
03.04.2020,Apr-20,2020,17.84,
04.04.2020,Apr-20,2020,#N/A,
05.04.2020,Apr-20,2020,#N/A,
06.04.2020,Apr-20,2020,20.28,
07.04.2020,Apr-20,2020,20.4,
08.04.2020,Apr-20,2020,21.03,
09.04.2020,Apr-20,2020,20.98,
10.04.2020,Apr-20,2020,#N/A,
11.04.2020,Apr-20,2020,#N/A,
12.04.2020,Apr-20,2020,#N/A,
13.04.2020,Apr-20,2020,#N/A,
14.04.2020,Apr-20,2020,19.72,
15.04.2020,Apr-20,2020,19.17,
16.04.2020,Apr-20,2020,20.84,
17.04.2020,Apr-20,2020,21.62,
18.04.2020,Apr-20,2020,#N/A,
19.04.2020,Apr-20,2020,#N/A,
20.04.2020,Apr-20,2020,21.29,
21.04.2020,Apr-20,2020,19.78,
22.04.2020,Apr-20,2020,20.57,
23.04.2020,Apr-20,2020,20.94,
24.04.2020,Apr-20,2020,20.66,
25.04.2020,Apr-20,2020,#N/A,
26.04.2020,Apr-20,2020,#N/A,
27.04.2020,Apr-20,2020,20.2,
28.04.2020,Apr-20,2020,20.13,
29.04.2020,Apr-20,2020,20.11,
30.04.2020,Apr-20,2020,19.5,
01.05.2020,May-20,2020,#N/A,
02.05.2020,May-20,2020,#N/A,
03.05.2020,May-20,2020,#N/A,
04.05.2020,May-20,2020,19.28,
05.05.2020,May-20,2020,19.02,
06.05.2020,May-20,2020,18.92,
07.05.2020,May-20,2020,19.46,
08.05.2020,May-20,2020,19.26,
09.05.2020,May-20,2020,#N/A,
10.05.2020,May-20,2020,#N/A,
11.05.2020,May-20,2020,18.98,
12.05.2020,May-20,2020,18.43,
13.05.2020,May-20,2020,18.58,
14.05.2020,May-20,2020,18.76,
15.05.2020,May-20,2020,19.09,
16.05.2020,May-20,2020,#N/A,
17.05.2020,May-20,2020,#N/A,
18.05.2020,May-20,2020,20.26,
19.05.2020,May-20,2020,19.91,
20.05.2020,May-20,2020,21.19,
21.05.2020,May-20,2020,21.11,
22.05.2020,May-20,2020,21.33,
23.05.2020,May-20,2020,#N/A,
24.05.2020,May-20,2020,#N/A,
25.05.2020,May-20,2020,21.52,
26.05.2020,May-20,2020,21.52,
27.05.2020,May-20,2020,21.24,
28.05.2020,May-20,2020,21.17,
29.05.2020,May-20,2020,21.32,
30.05.2020,May-20,2020,#N/A,
31.05.2020,May-20,2020,#N/A,
01.06.2020,Jun-20,2020,20.89,
02.06.2020,Jun-20,2020,21.99,
03.06.2020,Jun-20,2020,22,
04.06.2020,Jun-20,2020,22.13,
05.06.2020,Jun-20,2020,23.16,
06.06.2020,Jun-20,2020,#N/A,
07.06.2020,Jun-20,2020,#N/A,
08.06.2020,Jun-20,2020,22.64,
09.06.2020,Jun-20,2020,22.41,
10.06.2020,Jun-20,2020,22.84,
11.06.2020,Jun-20,2020,22.2,
12.06.2020,Jun-20,2020,21.93,
13.06.2020,Jun-20,2020,#N/A,
14.06.2020,Jun-20,2020,#N/A,
15.06.2020,Jun-20,2020,22.09,
16.06.2020,Jun-20,2020,22.71,
17.06.2020,Jun-20,2020,22.69,
18.06.2020,Jun-20,2020,24.4,
19.06.2020,Jun-20,2020,24.09,
20.06.2020,Jun-20,2020,#N/A,
21.06.2020,Jun-20,2020,#N/A,
22.06.2020,Jun-20,2020,24.47,
23.06.2020,Jun-20,2020,25.35,
24.06.2020,Jun-20,2020,25.33,
25.06.2020,Jun-20,2020,25.1,
26.06.2020,Jun-20,2020,24.66,
27.06.2020,Jun-20,2020,#N/A,
28.06.2020,Jun-20,2020,#N/A,
29.06.2020,Jun-20,2020,26.55,
30.06.2020,Jun-20,2020,26.9,
01.07.2020,Jul-20,2020,27.63,
02.07.2020,Jul-20,2020,27.3,
03.07.2020,Jul-20,2020,27.84,
04.07.2020,Jul-20,2020,#N/A,
05.07.2020,Jul-20,2020,#N/A,
06.07.2020,Jul-20,2020,29.63,
07.07.2020,Jul-20,2020,29.32,
08.07.2020,Jul-20,2020,29.24,
09.07.2020,Jul-20,2020,28.54,
10.07.2020,Jul-20,2020,28.94,
11.07.2020,Jul-20,2020,#N/A,
12.07.2020,Jul-20,2020,#N/A,
13.07.2020,Jul-20,2020,29.27,
14.07.2020,Jul-20,2020,29.56,
15.07.2020,Jul-20,2020,28.76,
16.07.2020,Jul-20,2020,26.52,
17.07.2020,Jul-20,2020,27.74,
18.07.2020,Jul-20,2020,#N/A,
19.07.2020,Jul-20,2020,#N/A,
20.07.2020,Jul-20,2020,26.09,
21.07.2020,Jul-20,2020,26.54,
22.07.2020,Jul-20,2020,26.56,
23.07.2020,Jul-20,2020,27.25,
24.07.2020,Jul-20,2020,26.29,
25.07.2020,Jul-20,2020,#N/A,
26.07.2020,Jul-20,2020,#N/A,
27.07.2020,Jul-20,2020,24.93,
28.07.2020,Jul-20,2020,25.66,
29.07.2020,Jul-20,2020,26.11,
30.07.2020,Jul-20,2020,25.48,
31.07.2020,Jul-20,2020,26.21,
01.08.2020,Aug-20,2020,#N/A,
02.08.2020,Aug-20,2020,#N/A,
03.08.2020,Aug-20,2020,26.05,
04.08.2020,Aug-20,2020,26.76,
05.08.2020,Aug-20,2020,26.7,
06.08.2020,Aug-20,2020,26.32,
07.08.2020,Aug-20,2020,26.35,
08.08.2020,Aug-20,2020,#N/A,
09.08.2020,Aug-20,2020,#N/A,
10.08.2020,Aug-20,2020,26.64,
11.08.2020,Aug-20,2020,26.14,
12.08.2020,Aug-20,2020,25.91,
13.08.2020,Aug-20,2020,25.36,
14.08.2020,Aug-20,2020,25.42,
15.08.2020,Aug-20,2020,#N/A,
16.08.2020,Aug-20,2020,#N/A,
17.08.2020,Aug-20,2020,26.25,
18.08.2020,Aug-20,2020,26.49,
19.08.2020,Aug-20,2020,26.19,
20.08.2020,Aug-20,2020,25.87,
21.08.2020,Aug-20,2020,25.61,
22.08.2020,Aug-20,2020,#N/A,
23.08.2020,Aug-20,2020,#N/A,
24.08.2020,Aug-20,2020,27.45,
25.08.2020,Aug-20,2020,28.59,
26.08.2020,Aug-20,2020,28.59,
27.08.2020,Aug-20,2020,28.34,
28.08.2020,Aug-20,2020,29.49,
29.08.2020,Aug-20,2020,#N/A,
30.08.2020,Aug-20,2020,#N/A,
31.08.2020,Aug-20,2020,28.63,
01.09.2020,Sep-20,2020,27.72,
02.09.2020,Sep-20,2020,28.2,
03.09.2020,Sep-20,2020,28.71,
04.09.2020,Sep-20,2020,27.32,
05.09.2020,Sep-20,2020,#N/A,
06.09.2020,Sep-20,2020,#N/A,
07.09.2020,Sep-20,2020,27.03,
08.09.2020,Sep-20,2020,26.76,
09.09.2020,Sep-20,2020,27.18,
10.09.2020,Sep-20,2020,28.38,
11.09.2020,Sep-20,2020,28.24,
12.09.2020,Sep-20,2020,#N/A,
13.09.2020,Sep-20,2020,#N/A,
14.09.2020,Sep-20,2020,30.44,
15.09.2020,Sep-20,2020,29.76,
16.09.2020,Sep-20,2020,29.95,
17.09.2020,Sep-20,2020,28.4,
18.09.2020,Sep-20,2020,27.97,
19.09.2020,Sep-20,2020,#N/A,
20.09.2020,Sep-20,2020,#N/A,
21.09.2020,Sep-20,2020,26.38,
22.09.2020,Sep-20,2020,27.82,
23.09.2020,Sep-20,2020,26.48,
24.09.2020,Sep-20,2020,26.77,
25.09.2020,Sep-20,2020,26.14,
26.09.2020,Sep-20,2020,#N/A,
27.09.2020,Sep-20,2020,#N/A,
28.09.2020,Sep-20,2020,27.69,
29.09.2020,Sep-20,2020,26.75,
30.09.2020,Sep-20,2020,26.9,
01.10.2020,Oct-20,2020,26.48,
02.10.2020,Oct-20,2020,27,
03.10.2020,Oct-20,2020,#N/A,
04.10.2020,Oct-20,2020,#N/A,
05.10.2020,Oct-20,2020,26.91,
06.10.2020,Oct-20,2020,26.76,
07.10.2020,Oct-20,2020,26.87,
08.10.2020,Oct-20,2020,26.32,
09.10.2020,Oct-20,2020,25.71,
10.10.2020,Oct-20,2020,#N/A,
11.10.2020,Oct-20,2020,#N/A,
12.10.2020,Oct-20,2020,25.87,
13.10.2020,Oct-20,2020,25.22,
14.10.2020,Oct-20,2020,25.75,
15.10.2020,Oct-20,2020,24.97,
16.10.2020,Oct-20,2020,24.9,
17.10.2020,Oct-20,2020,#N/A,
18.10.2020,Oct-20,2020,#N/A,
19.10.2020,Oct-20,2020,24.99,
20.10.2020,Oct-20,2020,24.41,
21.10.2020,Oct-20,2020,23.56,
22.10.2020,Oct-20,2020,24.18,
23.10.2020,Oct-20,2020,25.49,
24.10.2020,Oct-20,2020,#N/A,
25.10.2020,Oct-20,2020,#N/A,
26.10.2020,Oct-20,2020,23.85,
27.10.2020,Oct-20,2020,24.07,
28.10.2020,Oct-20,2020,23.03,
29.10.2020,Oct-20,2020,23.66,
30.10.2020,Oct-20,2020,23.69,
31.10.2020,Oct-20,2020,#N/A,
01.11.2020,Nov-20,2020,#N/A,
02.11.2020,Nov-20,2020,23.66,
03.11.2020,Nov-20,2020,24.37,
04.11.2020,Nov-20,2020,25.1,
05.11.2020,Nov-20,2020,25.98,
06.11.2020,Nov-20,2020,25.43,
07.11.2020,Nov-20,2020,#N/A,
08.11.2020,Nov-20,2020,#N/A,
09.11.2020,Nov-20,2020,26.55,
10.11.2020,Nov-20,2020,26.22,
11.11.2020,Nov-20,2020,26.12,
12.11.2020,Nov-20,2020,25.92,
13.11.2020,Nov-20,2020,26.29,
14.11.2020,Nov-20,2020,#N/A,
15.11.2020,Nov-20,2020,#N/A,
16.11.2020,Nov-20,2020,27.38,
17.11.2020,Nov-20,2020,26.64,
18.11.2020,Nov-20,2020,27.19,
19.11.2020,Nov-20,2020,26.35,
20.11.2020,Nov-20,2020,26.74,
21.11.2020,Nov-20,2020,#N/A,
22.11.2020,Nov-20,2020,#N/A,
23.11.2020,Nov-20,2020,27.25,
24.11.2020,Nov-20,2020,27.63,
25.11.2020,Nov-20,2020,27.62,
26.11.2020,Nov-20,2020,28.1,
27.11.2020,Nov-20,2020,28.13,
28.11.2020,Nov-20,2020,#N/A,
29.11.2020,Nov-20,2020,#N/A,
30.11.2020,Nov-20,2020,29.13,
01.12.2020,Dec-20,2020,28.85,
02.12.2020,Dec-20,2020,29.54,
03.12.2020,Dec-20,2020,28.99,
04.12.2020,Dec-20,2020,30.11,
05.12.2020,Dec-20,2020,#N/A,
06.12.2020,Dec-20,2020,#N/A,
07.12.2020,Dec-20,2020,29.62,
08.12.2020,Dec-20,2020,29.57,
09.12.2020,Dec-20,2020,29.7,
10.12.2020,Dec-20,2020,30.9,
11.12.2020,Dec-20,2020,30.52,
12.12.2020,Dec-20,2020,#N/A,
13.12.2020,Dec-20,2020,#N/A,
14.12.2020,Dec-20,2020,30.81,
15.12.2020,Dec-20,2020,32.01,
16.12.2020,Dec-20,2020,31.61,
17.12.2020,Dec-20,2020,31.8,
18.12.2020,Dec-20,2020,30.94,
19.12.2020,Dec-20,2020,#N/A,
20.12.2020,Dec-20,2020,#N/A,
21.12.2020,Dec-20,2020,30.76,
22.12.2020,Dec-20,2020,31.01,
23.12.2020,Dec-20,2020,31.77,
24.12.2020,Dec-20,2020,#N/A,
25.12.2020,Dec-20,2020,#N/A,
26.12.2020,Dec-20,2020,#N/A,
27.12.2020,Dec-20,2020,#N/A,
28.12.2020,Dec-20,2020,33.28,
29.12.2020,Dec-20,2020,32.86,
30.12.2020,Dec-20,2020,32.04,
31.12.2020,Dec-20,2020,32.04,
01.01.2021,Jan-21,2021,#N/A,0
02.01.2021,Jan-21,2021,#N/A,1
03.01.2021,Jan-21,2021,#N/A,
04.01.2021,Jan-21,2021,33.54,
05.01.2021,Jan-21,2021,32.82,
06.01.2021,Jan-21,2021,33.5,
07.01.2021,Jan-21,2021,34.64,
08.01.2021,Jan-21,2021,34.79,
09.01.2021,Jan-21,2021,#N/A,
10.01.2021,Jan-21,2021,#N/A,
11.01.2021,Jan-21,2021,34.42,
12.01.2021,Jan-21,2021,34.54,
13.01.2021,Jan-21,2021,33.55,
14.01.2021,Jan-21,2021,33.42,
15.01.2021,Jan-21,2021,31.64,
16.01.2021,Jan-21,2021,#N/A,
17.01.2021,Jan-21,2021,#N/A,
18.01.2021,Jan-21,2021,31.53,
19.01.2021,Jan-21,2021,33,
20.01.2021,Jan-21,2021,32.82,
21.01.2021,Jan-21,2021,34.02,
22.01.2021,Jan-21,2021,34.15,
23.01.2021,Jan-21,2021,#N/A,
24.01.2021,Jan-21,2021,#N/A,
25.01.2021,Jan-21,2021,33.08,
26.01.2021,Jan-21,2021,33.27,
27.01.2021,Jan-21,2021,33.2,
28.01.2021,Jan-21,2021,33.89,
29.01.2021,Jan-21,2021,32.89,
30.01.2021,Jan-21,2021,#N/A,
31.01.2021,Jan-21,2021,#N/A,
01.02.2021,Feb-21,2021,32.81,
02.02.2021,Feb-21,2021,34.93,
03.02.2021,Feb-21,2021,37.38,
04.02.2021,Feb-21,2021,37.21,
05.02.2021,Feb-21,2021,38.15,
06.02.2021,Feb-21,2021,#N/A,
07.02.2021,Feb-21,2021,#N/A,
08.02.2021,Feb-21,2021,38.56,
09.02.2021,Feb-21,2021,38.21,
10.02.2021,Feb-21,2021,39.29,
11.02.2021,Feb-21,2021,38.71,
12.02.2021,Feb-21,2021,39.97,
13.02.2021,Feb-21,2021,#N/A,
14.02.2021,Feb-21,2021,#N/A,
15.02.2021,Feb-21,2021,39.47,
16.02.2021,Feb-21,2021,38.82,
17.02.2021,Feb-21,2021,38.06,
18.02.2021,Feb-21,2021,38.28,
19.02.2021,Feb-21,2021,37.37,
20.02.2021,Feb-21,2021,#N/A,
21.02.2021,Feb-21,2021,#N/A,
22.02.2021,Feb-21,2021,37.92,
23.02.2021,Feb-21,2021,38.61,
24.02.2021,Feb-21,2021,39.09,
25.02.2021,Feb-21,2021,38.2,
26.02.2021,Feb-21,2021,37.22,
27.02.2021,Feb-21,2021,#N/A,
28.02.2021,Feb-21,2021,#N/A,
01.03.2021,Mar-21,2021,37.07,
02.03.2021,Mar-21,2021,38.29,
03.03.2021,Mar-21,2021,37.41,
04.03.2021,Mar-21,2021,38.1,
05.03.2021,Mar-21,2021,38.95,
06.03.2021,Mar-21,2021,#N/A,
07.03.2021,Mar-21,2021,#N/A,
08.03.2021,Mar-21,2021,39.07,
09.03.2021,Mar-21,2021,40.57,
10.03.2021,Mar-21,2021,41.47,
11.03.2021,Mar-21,2021,41.85,
12.03.2021,Mar-21,2021,42.77,
13.03.2021,Mar-21,2021,#N/A,
14.03.2021,Mar-21,2021,#N/A,
15.03.2021,Mar-21,2021,42.3,
16.03.2021,Mar-21,2021,41.47,
17.03.2021,Mar-21,2021,42.85,
18.03.2021,Mar-21,2021,42.28,
19.03.2021,Mar-21,2021,41.85,
20.03.2021,Mar-21,2021,#N/A,
21.03.2021,Mar-21,2021,#N/A,
22.03.2021,Mar-21,2021,42.72,
23.03.2021,Mar-21,2021,41.32,
24.03.2021,Mar-21,2021,41.49,
25.03.2021,Mar-21,2021,40.25,
26.03.2021,Mar-21,2021,41.63,
27.03.2021,Mar-21,2021,#N/A,
28.03.2021,Mar-21,2021,#N/A,
29.03.2021,Mar-21,2021,41.75,
30.03.2021,Mar-21,2021,41.95,
31.03.2021,Mar-21,2021,42.45,
01.04.2021,Apr-21,2021,42.38,
02.04.2021,Apr-21,2021,#N/A,
03.04.2021,Apr-21,2021,#N/A,
04.04.2021,Apr-21,2021,#N/A,
05.04.2021,Apr-21,2021,#N/A,
06.04.2021,Apr-21,2021,44.15,
07.04.2021,Apr-21,2021,43.76,
08.04.2021,Apr-21,2021,43.37,
09.04.2021,Apr-21,2021,43.55,
10.04.2021,Apr-21,2021,#N/A,
11.04.2021,Apr-21,2021,#N/A,
12.04.2021,Apr-21,2021,44.33,
13.04.2021,Apr-21,2021,43.69,
14.04.2021,Apr-21,2021,43.74,
15.04.2021,Apr-21,2021,44.26,
16.04.2021,Apr-21,2021,44.35,
17.04.2021,Apr-21,2021,#N/A,
18.04.2021,Apr-21,2021,#N/A,
19.04.2021,Apr-21,2021,43.82,
20.04.2021,Apr-21,2021,44.99,
21.04.2021,Apr-21,2021,45.81,
22.04.2021,Apr-21,2021,47,
23.04.2021,Apr-21,2021,46.87,
24.04.2021,Apr-21,2021,#N/A,
25.04.2021,Apr-21,2021,#N/A,
26.04.2021,Apr-21,2021,47.11,
27.04.2021,Apr-21,2021,47.2,
28.04.2021,Apr-21,2021,47.69,
29.04.2021,Apr-21,2021,47.91,
30.04.2021,Apr-21,2021,#N/A,
01.05.2021,May-21,2021,#N/A,
02.05.2021,May-21,2021,#N/A,
03.05.2021,May-21,2021,49.32,
04.05.2021,May-21,2021,48.5,
05.05.2021,May-21,2021,49.32,
06.05.2021,May-21,2021,49.82,
07.05.2021,May-21,2021,50.33,
08.05.2021,May-21,2021,#N/A,
09.05.2021,May-21,2021,#N/A,
10.05.2021,May-21,2021,52.1,
11.05.2021,May-21,2021,52.91,
12.05.2021,May-21,2021,55.17,
13.05.2021,May-21,2021,54.34,
14.05.2021,May-21,2021,56.5,
15.05.2021,May-21,2021,#N/A,
16.05.2021,May-21,2021,#N/A,
17.05.2021,May-21,2021,56.16,
18.05.2021,May-21,2021,52.9,
19.05.2021,May-21,2021,49.55,
20.05.2021,May-21,2021,52.58,
21.05.2021,May-21,2021,51.65,
22.05.2021,May-21,2021,#N/A,
23.05.2021,May-21,2021,#N/A,
24.05.2021,May-21,2021,52.68,
25.05.2021,May-21,2021,53.23,
26.05.2021,May-21,2021,53.59,
27.05.2021,May-21,2021,51.76,
28.05.2021,May-21,2021,50.95,
29.05.2021,May-21,2021,#N/A,
30.05.2021,May-21,2021,#N/A,
31.05.2021,May-21,2021,51.61,
01.06.2021,Jun-21,2021,52.31,
02.06.2021,Jun-21,2021,51.3,
03.06.2021,Jun-21,2021,50.17,
04.06.2021,Jun-21,2021,49.9,
05.06.2021,Jun-21,2021,#N/A,
06.06.2021,Jun-21,2021,#N/A,
07.06.2021,Jun-21,2021,51.39,
08.06.2021,Jun-21,2021,52.1,
09.06.2021,Jun-21,2021,53.43,
10.06.2021,Jun-21,2021,53.7,
11.06.2021,Jun-21,2021,52.59,
12.06.2021,Jun-21,2021,#N/A,
13.06.2021,Jun-21,2021,#N/A,
14.06.2021,Jun-21,2021,52.81,
15.06.2021,Jun-21,2021,51.31,
16.06.2021,Jun-21,2021,51.25,
17.06.2021,Jun-21,2021,50.82,
18.06.2021,Jun-21,2021,51.81,
19.06.2021,Jun-21,2021,#N/A,
20.06.2021,Jun-21,2021,#N/A,
21.06.2021,Jun-21,2021,52.33,
22.06.2021,Jun-21,2021,53.32,
23.06.2021,Jun-21,2021,54.56,
24.06.2021,Jun-21,2021,54.99,
25.06.2021,Jun-21,2021,54.95,
26.06.2021,Jun-21,2021,#N/A,
27.06.2021,Jun-21,2021,#N/A,
28.06.2021,Jun-21,2021,55.4,
29.06.2021,Jun-21,2021,55.54,
30.06.2021,Jun-21,2021,56.25,
01.07.2021,Jul-21,2021,57.52,
02.07.2021,Jul-21,2021,57.24,
03.07.2021,Jul-21,2021,#N/A,
04.07.2021,Jul-21,2021,#N/A,
05.07.2021,Jul-21,2021,57.76,
06.07.2021,Jul-21,2021,53.91,
07.07.2021,Jul-21,2021,52.5,
08.07.2021,Jul-21,2021,52.24,
09.07.2021,Jul-21,2021,54.17,
10.07.2021,Jul-21,2021,#N/A,
11.07.2021,Jul-21,2021,#N/A,
12.07.2021,Jul-21,2021,51.62,
13.07.2021,Jul-21,2021,52.77,
14.07.2021,Jul-21,2021,53.28,
15.07.2021,Jul-21,2021,52.88,
16.07.2021,Jul-21,2021,52.78,
17.07.2021,Jul-21,2021,#N/A,
18.07.2021,Jul-21,2021,#N/A,
19.07.2021,Jul-21,2021,52.31,
20.07.2021,Jul-21,2021,51.12,
21.07.2021,Jul-21,2021,52.06,
22.07.2021,Jul-21,2021,50.71,
23.07.2021,Jul-21,2021,50.82,
24.07.2021,Jul-21,2021,#N/A,
25.07.2021,Jul-21,2021,#N/A,
26.07.2021,Jul-21,2021,53.12,
27.07.2021,Jul-21,2021,52.84,
28.07.2021,Jul-21,2021,53.77,
29.07.2021,Jul-21,2021,53.99,
30.07.2021,Jul-21,2021,53.26,
31.07.2021,Jul-21,2021,#N/A,
01.08.2021,Aug-21,2021,#N/A,
02.08.2021,Aug-21,2021,54.37,
03.08.2021,Aug-21,2021,54.12,
04.08.2021,Aug-21,2021,55.39,
05.08.2021,Aug-21,2021,55.91,
06.08.2021,Aug-21,2021,56.58,
07.08.2021,Aug-21,2021,#N/A,
08.08.2021,Aug-21,2021,#N/A,
09.08.2021,Aug-21,2021,56.55,
10.08.2021,Aug-21,2021,57.33,
11.08.2021,Aug-21,2021,57.69,
12.08.2021,Aug-21,2021,56.18,
13.08.2021,Aug-21,2021,55.31,
14.08.2021,Aug-21,2021,#N/A,
15.08.2021,Aug-21,2021,#N/A,
16.08.2021,Aug-21,2021,58.08,
17.08.2021,Aug-21,2021,57.17,
18.08.2021,Aug-21,2021,57.06,
19.08.2021,Aug-21,2021,53.43,
20.08.2021,Aug-21,2021,54.31,
21.08.2021,Aug-21,2021,#N/A,
22.08.2021,Aug-21,2021,#N/A,
23.08.2021,Aug-21,2021,55.29,
24.08.2021,Aug-21,2021,56.58,
25.08.2021,Aug-21,2021,56.48,
26.08.2021,Aug-21,2021,56.81,
27.08.2021,Aug-21,2021,58.95,
28.08.2021,Aug-21,2021,#N/A,
29.08.2021,Aug-21,2021,#N/A,
30.08.2021,Aug-21,2021,60.71,
31.08.2021,Aug-21,2021,60.71,
01.09.2021,Sep-21,2021,60.07,
02.09.2021,Sep-21,2021,61.48,
03.09.2021,Sep-21,2021,61.29,
04.09.2021,Sep-21,2021,#N/A,
05.09.2021,Sep-21,2021,#N/A,
06.09.2021,Sep-21,2021,62.27,
07.09.2021,Sep-21,2021,61.95,
08.09.2021,Sep-21,2021,62.41,
09.09.2021,Sep-21,2021,62.7,
10.09.2021,Sep-21,2021,60.87,
11.09.2021,Sep-21,2021,#N/A,
12.09.2021,Sep-21,2021,#N/A,
13.09.2021,Sep-21,2021,61.01,
14.09.2021,Sep-21,2021,59.8,
15.09.2021,Sep-21,2021,59.8,
16.09.2021,Sep-21,2021,59.26,
17.09.2021,Sep-21,2021,59.43,
18.09.2021,Sep-21,2021,#N/A,
19.09.2021,Sep-21,2021,#N/A,
20.09.2021,Sep-21,2021,60.62,
21.09.2021,Sep-21,2021,60.1,
22.09.2021,Sep-21,2021,60.54,
23.09.2021,Sep-21,2021,60.49,
24.09.2021,Sep-21,2021,62.88,
25.09.2021,Sep-21,2021,#N/A,
26.09.2021,Sep-21,2021,#N/A,
27.09.2021,Sep-21,2021,64.32,
28.09.2021,Sep-21,2021,61.86,
29.09.2021,Sep-21,2021,62.82,
30.09.2021,Sep-21,2021,61.68,
01.10.2021,Oct-21,2021,61.99,
02.10.2021,Oct-21,2021,#N/A,
03.10.2021,Oct-21,2021,#N/A,
04.10.2021,Oct-21,2021,63.34,
05.10.2021,Oct-21,2021,64.66,
06.10.2021,Oct-21,2021,59.04,
07.10.2021,Oct-21,2021,60.33,
08.10.2021,Oct-21,2021,58.31,
09.10.2021,Oct-21,2021,#N/A,
10.10.2021,Oct-21,2021,#N/A,
11.10.2021,Oct-21,2021,59.11,
12.10.2021,Oct-21,2021,58.89,
13.10.2021,Oct-21,2021,59.04,
14.10.2021,Oct-21,2021,61.4,
15.10.2021,Oct-21,2021,59.41,
16.10.2021,Oct-21,2021,#N/A,
17.10.2021,Oct-21,2021,#N/A,
18.10.2021,Oct-21,2021,58.54,
19.10.2021,Oct-21,2021,54.52,
20.10.2021,Oct-21,2021,57.76,
21.10.2021,Oct-21,2021,57.96,
22.10.2021,Oct-21,2021,58.25,
23.10.2021,Oct-21,2021,#N/A,
24.10.2021,Oct-21,2021,#N/A,
25.10.2021,Oct-21,2021,58.96,
26.10.2021,Oct-21,2021,59.78,
27.10.2021,Oct-21,2021,59.88,
28.10.2021,Oct-21,2021,58.55,
29.10.2021,Oct-21,2021,58.7,
30.10.2021,Oct-21,2021,#N/A,
31.10.2021,Oct-21,2021,#N/A,
01.11.2021,Nov-21,2021,56.92,
02.11.2021,Nov-21,2021,59.43,
03.11.2021,Nov-21,2021,59.8,
04.11.2021,Nov-21,2021,59.85,
05.11.2021,Nov-21,2021,59.39,
06.11.2021,Nov-21,2021,#N/A,
07.11.2021,Nov-21,2021,#N/A,
08.11.2021,Nov-21,2021,60.62,
09.11.2021,Nov-21,2021,60.41,
10.11.2021,Nov-21,2021,63.15,
11.11.2021,Nov-21,2021,63.69,
12.11.2021,Nov-21,2021,63.26,
13.11.2021,Nov-21,2021,#N/A,
14.11.2021,Nov-21,2021,#N/A,
15.11.2021,Nov-21,2021,65.92,
16.11.2021,Nov-21,2021,67.54,
17.11.2021,Nov-21,2021,67.15,
18.11.2021,Nov-21,2021,69.09,
19.11.2021,Nov-21,2021,69.35,
20.11.2021,Nov-21,2021,#N/A,
21.11.2021,Nov-21,2021,#N/A,
22.11.2021,Nov-21,2021,69.9,
23.11.2021,Nov-21,2021,69.17,
24.11.2021,Nov-21,2021,72.9,
25.11.2021,Nov-21,2021,74.45,
26.11.2021,Nov-21,2021,72.77,
27.11.2021,Nov-21,2021,#N/A,
28.11.2021,Nov-21,2021,#N/A,
29.11.2021,Nov-21,2021,74.18,
30.11.2021,Nov-21,2021,75.36,
01.12.2021,Dec-21,2021,76.8,
02.12.2021,Dec-21,2021,79.85,
03.12.2021,Dec-21,2021,78.24,
04.12.2021,Dec-21,2021,#N/A,
05.12.2021,Dec-21,2021,#N/A,
06.12.2021,Dec-21,2021,81.24,
07.12.2021,Dec-21,2021,84.89,
08.12.2021,Dec-21,2021,88.88,
09.12.2021,Dec-21,2021,80.19,
10.12.2021,Dec-21,2021,83.73,
11.12.2021,Dec-21,2021,#N/A,
12.12.2021,Dec-21,2021,#N/A,
13.12.2021,Dec-21,2021,82.12,
14.12.2021,Dec-21,2021,79.48,
15.12.2021,Dec-21,2021,80.5,
16.12.2021,Dec-21,2021,84.77,
17.12.2021,Dec-21,2021,73.28,
18.12.2021,Dec-21,2021,#N/A,
19.12.2021,Dec-21,2021,#N/A,
20.12.2021,Dec-21,2021,79.38,
21.12.2021,Dec-21,2021,80.42,
22.12.2021,Dec-21,2021,76.26,
23.12.2021,Dec-21,2021,73.92,
24.12.2021,Dec-21,2021,#N/A,
25.12.2021,Dec-21,2021,#N/A,
26.12.2021,Dec-21,2021,#N/A,
27.12.2021,Dec-21,2021,76.38,
28.12.2021,Dec-21,2021,78.75,
29.12.2021,Dec-21,2021,79.81,
30.12.2021,Dec-21,2021,79.61,
31.12.2021,Dec-21,2021,79.61,
01.01.2022,Jan-22,2022,#N/A,
02.01.2022,Jan-22,2022,#N/A,
03.01.2022,Jan-22,2022,83.52,
04.01.2022,Jan-22,2022,84.44,
05.01.2022,Jan-22,2022,87.15,
06.01.2022,Jan-22,2022,86.31,
07.01.2022,Jan-22,2022,84.99,
08.01.2022,Jan-22,2022,#N/A,
09.01.2022,Jan-22,2022,#N/A,
10.01.2022,Jan-22,2022,79.73,
11.01.2022,Jan-22,2022,80.95,
12.01.2022,Jan-22,2022,79.69,
13.01.2022,Jan-22,2022,80.23,
14.01.2022,Jan-22,2022,81.73,
15.01.2022,Jan-22,2022,#N/A,
16.01.2022,Jan-22,2022,#N/A,
17.01.2022,Jan-22,2022,80.23,
18.01.2022,Jan-22,2022,82.31,
19.01.2022,Jan-22,2022,81.72,
20.01.2022,Jan-22,2022,85.23,
21.01.2022,Jan-22,2022,84.11,
22.01.2022,Jan-22,2022,#N/A,
23.01.2022,Jan-22,2022,#N/A,
24.01.2022,Jan-22,2022,83.66,
25.01.2022,Jan-22,2022,87.09,
26.01.2022,Jan-22,2022,88.3,
27.01.2022,Jan-22,2022,89.39,
28.01.2022,Jan-22,2022,88.83,
29.01.2022,Jan-22,2022,#N/A,
30.01.2022,Jan-22,2022,#N/A,
31.01.2022,Jan-22,2022,88.8,
01.02.2022,Feb-22,2022,89.09,
02.02.2022,Feb-22,2022,93.68,
03.02.2022,Feb-22,2022,94.32,
04.02.2022,Feb-22,2022,95.95,
05.02.2022,Feb-22,2022,#N/A,
06.02.2022,Feb-22,2022,#N/A,
07.02.2022,Feb-22,2022,96.21,
08.02.2022,Feb-22,2022,96.41,
09.02.2022,Feb-22,2022,90.34,
10.02.2022,Feb-22,2022,90.36,
11.02.2022,Feb-22,2022,92.45,
12.02.2022,Feb-22,2022,#N/A,
13.02.2022,Feb-22,2022,#N/A,
14.02.2022,Feb-22,2022,91.29,
15.02.2022,Feb-22,2022,90.67,
16.02.2022,Feb-22,2022,89.34,
17.02.2022,Feb-22,2022,85.95,
18.02.2022,Feb-22,2022,89.01,
19.02.2022,Feb-22,2022,#N/A,
20.02.2022,Feb-22,2022,#N/A,
21.02.2022,Feb-22,2022,89.26,
22.02.2022,Feb-22,2022,89.37,
23.02.2022,Feb-22,2022,94.66,
24.02.2022,Feb-22,2022,86.62,
25.02.2022,Feb-22,2022,87.72,
26.02.2022,Feb-22,2022,#N/A,
27.02.2022,Feb-22,2022,#N/A,
28.02.2022,Feb-22,2022,81.81,
01.03.2022,Mar-22,2022,68.53,
02.03.2022,Mar-22,2022,68.25,
03.03.2022,Mar-22,2022,67.08,
04.03.2022,Mar-22,2022,64.78,
05.03.2022,Mar-22,2022,#N/A,
06.03.2022,Mar-22,2022,#N/A,
07.03.2022,Mar-22,2022,57.92,
08.03.2022,Mar-22,2022,68.1,
09.03.2022,Mar-22,2022,72.77,
10.03.2022,Mar-22,2022,76.02,
11.03.2022,Mar-22,2022,76.38,
12.03.2022,Mar-22,2022,#N/A,
13.03.2022,Mar-22,2022,#N/A,
14.03.2022,Mar-22,2022,77.88,
15.03.2022,Mar-22,2022,77.03,
16.03.2022,Mar-22,2022,77.75,
17.03.2022,Mar-22,2022,79.52,
18.03.2022,Mar-22,2022,78.52,
19.03.2022,Mar-22,2022,#N/A,
20.03.2022,Mar-22,2022,#N/A,
21.03.2022,Mar-22,2022,78.01,
22.03.2022,Mar-22,2022,80.29,
23.03.2022,Mar-22,2022,76.25,
24.03.2022,Mar-22,2022,77.94,
25.03.2022,Mar-22,2022,78.31,
26.03.2022,Mar-22,2022,#N/A,
27.03.2022,Mar-22,2022,#N/A,
28.03.2022,Mar-22,2022,80.54,
29.03.2022,Mar-22,2022,81.44,
30.03.2022,Mar-22,2022,78.04,
31.03.2022,Mar-22,2022,76.25,
01.04.2022,Apr-22,2022,78.29,
02.04.2022,Apr-22,2022,#N/A,
03.04.2022,Apr-22,2022,#N/A,
04.04.2022,Apr-22,2022,78.29,
05.04.2022,Apr-22,2022,77.85,
06.04.2022,Apr-22,2022,76.97,
07.04.2022,Apr-22,2022,79.73,
08.04.2022,Apr-22,2022,79.89,
09.04.2022,Apr-22,2022,#N/A,
10.04.2022,Apr-22,2022,#N/A,
11.04.2022,Apr-22,2022,77.75,
12.04.2022,Apr-22,2022,78.81,
13.04.2022,Apr-22,2022,77.22,
14.04.2022,Apr-22,2022,79.72,
15.04.2022,Apr-22,2022,#N/A,
16.04.2022,Apr-22,2022,#N/A,
17.04.2022,Apr-22,2022,#N/A,
18.04.2022,Apr-22,2022,#N/A,
19.04.2022,Apr-22,2022,79.9,
20.04.2022,Apr-22,2022,87.53,
21.04.2022,Apr-22,2022,86.11,
22.04.2022,Apr-22,2022,88.6,
23.04.2022,Apr-22,2022,#N/A,
24.04.2022,Apr-22,2022,#N/A,
25.04.2022,Apr-22,2022,83.06,
26.04.2022,Apr-22,2022,82.29,
27.04.2022,Apr-22,2022,80.6,
28.04.2022,Apr-22,2022,82.26,
29.04.2022,Apr-22,2022,84.01,
30.04.2022,Apr-22,2022,#N/A,
01.05.2022,May-22,2022,#N/A,
02.05.2022,May-22,2022,82.61,
03.05.2022,May-22,2022,87.75,
04.05.2022,May-22,2022,87.87,
05.05.2022,May-22,2022,88.48,
06.05.2022,May-22,2022,91.1,
07.05.2022,May-22,2022,#N/A,
08.05.2022,May-22,2022,#N/A,
09.05.2022,May-22,2022,86.58,
10.05.2022,May-22,2022,86.9,
11.05.2022,May-22,2022,88.41,
12.05.2022,May-22,2022,87.83,
13.05.2022,May-22,2022,88.06,
14.05.2022,May-22,2022,#N/A,
15.05.2022,May-22,2022,#N/A,
16.05.2022,May-22,2022,89.14,
17.05.2022,May-22,2022,91.3,
18.05.2022,May-22,2022,84.22,
19.05.2022,May-22,2022,82.79,
20.05.2022,May-22,2022,80.01,
21.05.2022,May-22,2022,#N/A,
22.05.2022,May-22,2022,#N/A,
23.05.2022,May-22,2022,77.79,
24.05.2022,May-22,2022,80.97,
25.05.2022,May-22,2022,81.03,
26.05.2022,May-22,2022,84.39,
27.05.2022,May-22,2022,83.83,
28.05.2022,May-22,2022,#N/A,
29.05.2022,May-22,2022,#N/A,
30.05.2022,May-22,2022,83.6,
31.05.2022,May-22,2022,83.64,
01.06.2022,Jun-22,2022,85.72,
02.06.2022,Jun-22,2022,85.97,
03.06.2022,Jun-22,2022,86.5,
04.06.2022,Jun-22,2022,#N/A,
05.06.2022,Jun-22,2022,#N/A,
06.06.2022,Jun-22,2022,81.06,
07.06.2022,Jun-22,2022,80.97,
08.06.2022,Jun-22,2022,79.48,
09.06.2022,Jun-22,2022,80.67,
10.06.2022,Jun-22,2022,81.53,
11.06.2022,Jun-22,2022,#N/A,
12.06.2022,Jun-22,2022,#N/A,
13.06.2022,Jun-22,2022,81.19,
14.06.2022,Jun-22,2022,83.79,
15.06.2022,Jun-22,2022,85.83,
16.06.2022,Jun-22,2022,82.61,
17.06.2022,Jun-22,2022,81.99,
18.06.2022,Jun-22,2022,#N/A,
19.06.2022,Jun-22,2022,#N/A,
20.06.2022,Jun-22,2022,83.59,
21.06.2022,Jun-22,2022,84.29,
22.06.2022,Jun-22,2022,81.42,
23.06.2022,Jun-22,2022,83.66,
24.06.2022,Jun-22,2022,82.98,
25.06.2022,Jun-22,2022,#N/A,
26.06.2022,Jun-22,2022,#N/A,
27.06.2022,Jun-22,2022,84.59,
28.06.2022,Jun-22,2022,86.98,
29.06.2022,Jun-22,2022,87.93,
30.06.2022,Jun-22,2022,89.77,
01.07.2022,Jul-22,2022,85.18,
02.07.2022,Jul-22,2022,#N/A,
03.07.2022,Jul-22,2022,#N/A,
04.07.2022,Jul-22,2022,84.16,
05.07.2022,Jul-22,2022,82.83,
06.07.2022,Jul-22,2022,82.85,
07.07.2022,Jul-22,2022,84.52,
08.07.2022,Jul-22,2022,82.39,
09.07.2022,Jul-22,2022,#N/A,
10.07.2022,Jul-22,2022,#N/A,
11.07.2022,Jul-22,2022,83.96,
12.07.2022,Jul-22,2022,85.25,
13.07.2022,Jul-22,2022,83.47,
14.07.2022,Jul-22,2022,83.58,
15.07.2022,Jul-22,2022,84.97,
16.07.2022,Jul-22,2022,#N/A,
17.07.2022,Jul-22,2022,#N/A,
18.07.2022,Jul-22,2022,84.56,
19.07.2022,Jul-22,2022,83.27,
20.07.2022,Jul-22,2022,78.47,
21.07.2022,Jul-22,2022,77.76,
22.07.2022,Jul-22,2022,75.95,
23.07.2022,Jul-22,2022,#N/A,
24.07.2022,Jul-22,2022,#N/A,
25.07.2022,Jul-22,2022,76,
26.07.2022,Jul-22,2022,76.34,
27.07.2022,Jul-22,2022,75.8,
28.07.2022,Jul-22,2022,78.63,
29.07.2022,Jul-22,2022,78.21,
30.07.2022,Jul-22,2022,#N/A,
31.07.2022,Jul-22,2022,#N/A,
01.08.2022,Aug-22,2022,80.22,
02.08.2022,Aug-22,2022,81.59,
03.08.2022,Aug-22,2022,83.63,
04.08.2022,Aug-22,2022,83.82,
05.08.2022,Aug-22,2022,84.38,
06.08.2022,Aug-22,2022,#N/A,
07.08.2022,Aug-22,2022,#N/A,
08.08.2022,Aug-22,2022,83.44,
09.08.2022,Aug-22,2022,85.56,
10.08.2022,Aug-22,2022,85.53,
11.08.2022,Aug-22,2022,87.16,
12.08.2022,Aug-22,2022,88.5,
13.08.2022,Aug-22,2022,#N/A,
14.08.2022,Aug-22,2022,#N/A,
15.08.2022,Aug-22,2022,90.4,
16.08.2022,Aug-22,2022,91.67,
17.08.2022,Aug-22,2022,95.4,
18.08.2022,Aug-22,2022,95.63,
19.08.2022,Aug-22,2022,97.58,
20.08.2022,Aug-22,2022,#N/A,
21.08.2022,Aug-22,2022,#N/A,
22.08.2022,Aug-22,2022,91.75,
23.08.2022,Aug-22,2022,88.93,
24.08.2022,Aug-22,2022,88.84,
25.08.2022,Aug-22,2022,88.94,
26.08.2022,Aug-22,2022,89.93,
27.08.2022,Aug-22,2022,#N/A,
28.08.2022,Aug-22,2022,#N/A,
29.08.2022,Aug-22,2022,86.24,
30.08.2022,Aug-22,2022,80.33,
31.08.2022,Aug-22,2022,79.6,
01.09.2022,Sep-22,2022,80.32,
02.09.2022,Sep-22,2022,77.44,
03.09.2022,Sep-22,2022,#N/A,
04.09.2022,Sep-22,2022,#N/A,
05.09.2022,Sep-22,2022,74.04,
06.09.2022,Sep-22,2022,69.57,
07.09.2022,Sep-22,2022,68.71,
08.09.2022,Sep-22,2022,66.93,
09.09.2022,Sep-22,2022,65.72,
10.09.2022,Sep-22,2022,#N/A,
11.09.2022,Sep-22,2022,#N/A,
12.09.2022,Sep-22,2022,71.45,
13.09.2022,Sep-22,2022,69.35,
14.09.2022,Sep-22,2022,72.15,
15.09.2022,Sep-22,2022,71.46,
16.09.2022,Sep-22,2022,72.87,
17.09.2022,Sep-22,2022,#N/A,
18.09.2022,Sep-22,2022,#N/A,
19.09.2022,Sep-22,2022,70.71,
20.09.2022,Sep-22,2022,70.74,
21.09.2022,Sep-22,2022,69.39,
22.09.2022,Sep-22,2022,70.05,
23.09.2022,Sep-22,2022,65.4,
24.09.2022,Sep-22,2022,#N/A,
25.09.2022,Sep-22,2022,#N/A,
26.09.2022,Sep-22,2022,69.97,0
27.09.2022,Sep-22,2022,67.61,1
28.09.2022,Sep-22,2022,64.8,
29.09.2022,Sep-22,2022,65.4,
30.09.2022,Sep-22,2022,66.41,
01.10.2022,Oct-22,2022,#N/A,
02.10.2022,Oct-22,2022,#N/A,
03.10.2022,Oct-22,2022,65.58,
04.10.2022,Oct-22,2022,66.65,
05.10.2022,Oct-22,2022,66.82,
06.10.2022,Oct-22,2022,68.72,
07.10.2022,Oct-22,2022,69.6,
08.10.2022,Oct-22,2022,#N/A,
09.10.2022,Oct-22,2022,#N/A,
10.10.2022,Oct-22,2022,66.54,
11.10.2022,Oct-22,2022,66.12,
12.10.2022,Oct-22,2022,66.49,
13.10.2022,Oct-22,2022,68.61,
14.10.2022,Oct-22,2022,67.79,
15.10.2022,Oct-22,2022,#N/A,
16.10.2022,Oct-22,2022,#N/A,
17.10.2022,Oct-22,2022,67.29,
18.10.2022,Oct-22,2022,67.55,
19.10.2022,Oct-22,2022,67.07,
20.10.2022,Oct-22,2022,66.65,
21.10.2022,Oct-22,2022,68.51,
22.10.2022,Oct-22,2022,#N/A,
23.10.2022,Oct-22,2022,#N/A,
24.10.2022,Oct-22,2022,72.11,
25.10.2022,Oct-22,2022,76.87,
26.10.2022,Oct-22,2022,75.54,
27.10.2022,Oct-22,2022,79.92,
28.10.2022,Oct-22,2022,80.91,
29.10.2022,Oct-22,2022,#N/A,
30.10.2022,Oct-22,2022,#N/A,
31.10.2022,Oct-22,2022,79.68,
01.11.2022,Nov-22,2022,76.45,
02.11.2022,Nov-22,2022,76.46,
03.11.2022,Nov-22,2022,76.04,
04.11.2022,Nov-22,2022,76.13,
05.11.2022,Nov-22,2022,#N/A,
06.11.2022,Nov-22,2022,#N/A,
07.11.2022,Nov-22,2022,77.26,
08.11.2022,Nov-22,2022,75.92,
09.11.2022,Nov-22,2022,72.61,
10.11.2022,Nov-22,2022,72.87,
11.11.2022,Nov-22,2022,75.65,
12.11.2022,Nov-22,2022,#N/A,
13.11.2022,Nov-22,2022,#N/A,
14.11.2022,Nov-22,2022,75.05,
15.11.2022,Nov-22,2022,76.47,
16.11.2022,Nov-22,2022,73.25,
17.11.2022,Nov-22,2022,72.24,
18.11.2022,Nov-22,2022,72.31,
19.11.2022,Nov-22,2022,#N/A,
20.11.2022,Nov-22,2022,#N/A,
21.11.2022,Nov-22,2022,74.45,
22.11.2022,Nov-22,2022,73.75,
23.11.2022,Nov-22,2022,75.7,
24.11.2022,Nov-22,2022,78.1,
25.11.2022,Nov-22,2022,78.7,
26.11.2022,Nov-22,2022,#N/A,
27.11.2022,Nov-22,2022,#N/A,
28.11.2022,Nov-22,2022,78.68,
29.11.2022,Nov-22,2022,81.25,
30.11.2022,Nov-22,2022,84.55,
01.12.2022,Dec-22,2022,85.08,
02.12.2022,Dec-22,2022,87.58,
03.12.2022,Dec-22,2022,#N/A,
04.12.2022,Dec-22,2022,#N/A,
05.12.2022,Dec-22,2022,87.22,
06.12.2022,Dec-22,2022,87.64,
07.12.2022,Dec-22,2022,88.02,
08.12.2022,Dec-22,2022,88.62,
09.12.2022,Dec-22,2022,87.76,
10.12.2022,Dec-22,2022,#N/A,
11.12.2022,Dec-22,2022,#N/A,
12.12.2022,Dec-22,2022,90.1,
13.12.2022,Dec-22,2022,88.59,
14.12.2022,Dec-22,2022,86.56,
15.12.2022,Dec-22,2022,85.5,
16.12.2022,Dec-22,2022,83.8,
17.12.2022,Dec-22,2022,#N/A,
18.12.2022,Dec-22,2022,#N/A,
19.12.2022,Dec-22,2022,84.11,
20.12.2022,Dec-22,2022,86.95,
21.12.2022,Dec-22,2022,84.63,
22.12.2022,Dec-22,2022,85.99,
23.12.2022,Dec-22,2022,86.09,
24.12.2022,Dec-22,2022,#N/A,
25.12.2022,Dec-22,2022,#N/A,
26.12.2022,Dec-22,2022,#N/A,
27.12.2022,Dec-22,2022,85.02,
28.12.2022,Dec-22,2022,82.8,
29.12.2022,Dec-22,2022,81.29,
30.12.2022,Dec-22,2022,80.76,
31.12.2022,Dec-22,2022,#N/A,
01.01.2023,Jan-23,2023,#N/A,0
02.01.2023,Jan-23,2023,83.3,1
03.01.2023,Jan-23,2023,80.57,
04.01.2023,Jan-23,2023,74.98,
05.01.2023,Jan-23,2023,76.03,
06.01.2023,Jan-23,2023,74.58,
07.01.2023,Jan-23,2023,#N/A,
08.01.2023,Jan-23,2023,#N/A,
09.01.2023,Jan-23,2023,78.59,
10.01.2023,Jan-23,2023,77.65,
11.01.2023,Jan-23,2023,76.1,
12.01.2023,Jan-23,2023,77.32,
13.01.2023,Jan-23,2023,76.97,
14.01.2023,Jan-23,2023,#N/A,
15.01.2023,Jan-23,2023,#N/A,
16.01.2023,Jan-23,2023,74.7,
17.01.2023,Jan-23,2023,76.74,
18.01.2023,Jan-23,2023,80.44,
19.01.2023,Jan-23,2023,81.09,
20.01.2023,Jan-23,2023,82.24,
21.01.2023,Jan-23,2023,#N/A,
22.01.2023,Jan-23,2023,#N/A,
23.01.2023,Jan-23,2023,82.33,
24.01.2023,Jan-23,2023,78.85,
25.01.2023,Jan-23,2023,81.41,
26.01.2023,Jan-23,2023,86.41,
27.01.2023,Jan-23,2023,86.12,
28.01.2023,Jan-23,2023,#N/A,
29.01.2023,Jan-23,2023,#N/A,
30.01.2023,Jan-23,2023,86.53,
31.01.2023,Jan-23,2023,89.85,
01.02.2023,Feb-23,2023,92.19,
02.02.2023,Feb-23,2023,89.81,
03.02.2023,Feb-23,2023,90.07,
04.02.2023,Feb-23,2023,#N/A,
05.02.2023,Feb-23,2023,#N/A,
06.02.2023,Feb-23,2023,87.73,
07.02.2023,Feb-23,2023,87.18,
08.02.2023,Feb-23,2023,87.18,
09.02.2023,Feb-23,2023,87.9,
10.02.2023,Feb-23,2023,89.93,
11.02.2023,Feb-23,2023,#N/A,
12.02.2023,Feb-23,2023,#N/A,
13.02.2023,Feb-23,2023,89.13,
14.02.2023,Feb-23,2023,88.99,
15.02.2023,Feb-23,2023,91.22,
16.02.2023,Feb-23,2023,94.33,
17.02.2023,Feb-23,2023,93.05,
18.02.2023,Feb-23,2023,#N/A,
19.02.2023,Feb-23,2023,#N/A,
20.02.2023,Feb-23,2023,95.09,
21.02.2023,Feb-23,2023,97.04,
22.02.2023,Feb-23,2023,93.49,
23.02.2023,Feb-23,2023,94.26,
24.02.2023,Feb-23,2023,94.07,
25.02.2023,Feb-23,2023,#N/A,
26.02.2023,Feb-23,2023,#N/A,
27.02.2023,Feb-23,2023,96.85,
28.02.2023,Feb-23,2023,96.38,
01.03.2023,Mar-23,2023,93.52,
02.03.2023,Mar-23,2023,90.03,
03.03.2023,Mar-23,2023,88.9,
04.03.2023,Mar-23,2023,#N/A,
05.03.2023,Mar-23,2023,#N/A,
06.03.2023,Mar-23,2023,89.75,
07.03.2023,Mar-23,2023,92.44,
08.03.2023,Mar-23,2023,94.55,
09.03.2023,Mar-23,2023,95.18,
10.03.2023,Mar-23,2023,96.59,
11.03.2023,Mar-23,2023,#N/A,
12.03.2023,Mar-23,2023,#N/A,
13.03.2023,Mar-23,2023,94.17,
14.03.2023,Mar-23,2023,89.72,
15.03.2023,Mar-23,2023,86.52,
16.03.2023,Mar-23,2023,84.37,
17.03.2023,Mar-23,2023,84.52,
18.03.2023,Mar-23,2023,#N/A,
19.03.2023,Mar-23,2023,#N/A,
20.03.2023,Mar-23,2023,85.06,
21.03.2023,Mar-23,2023,86.85,
22.03.2023,Mar-23,2023,86.76,
23.03.2023,Mar-23,2023,89.67,
24.03.2023,Mar-23,2023,85.09,
25.03.2023,Mar-23,2023,#N/A,
26.03.2023,Mar-23,2023,#N/A,
27.03.2023,Mar-23,2023,84.77,
28.03.2023,Mar-23,2023,86.61,
29.03.2023,Mar-23,2023,87.54,
30.03.2023,Mar-23,2023,88.24,
31.03.2023,Mar-23,2023,89.24,
01.04.2023,Apr-23,2023,#N/A,
02.04.2023,Apr-23,2023,#N/A,
03.04.2023,Apr-23,2023,93.04,
04.04.2023,Apr-23,2023,92.29,
05.04.2023,Apr-23,2023,93.96,
06.04.2023,Apr-23,2023,94.01,
07.04.2023,Apr-23,2023,#N/A,
08.04.2023,Apr-23,2023,#N/A,
09.04.2023,Apr-23,2023,#N/A,
10.04.2023,Apr-23,2023,#N/A,
11.04.2023,Apr-23,2023,94.72,
12.04.2023,Apr-23,2023,93.3,
13.04.2023,Apr-23,2023,91.86,
14.04.2023,Apr-23,2023,91.28,
15.04.2023,Apr-23,2023,#N/A,
16.04.2023,Apr-23,2023,#N/A,
17.04.2023,Apr-23,2023,90.56,
18.04.2023,Apr-23,2023,92.82,
19.04.2023,Apr-23,2023,91.96,
20.04.2023,Apr-23,2023,89.5,
21.04.2023,Apr-23,2023,87.26,
22.04.2023,Apr-23,2023,#N/A,
23.04.2023,Apr-23,2023,#N/A,
24.04.2023,Apr-23,2023,85.94,
25.04.2023,Apr-23,2023,84.59,
26.04.2023,Apr-23,2023,83.3,
27.04.2023,Apr-23,2023,83.8,
28.04.2023,Apr-23,2023,85.1,
29.04.2023,Apr-23,2023,#N/A,
30.04.2023,Apr-23,2023,#N/A,
01.05.2023,May-23,2023,#N/A,
02.05.2023,May-23,2023,86.18,
03.05.2023,May-23,2023,82.86,
04.05.2023,May-23,2023,82.57,
05.05.2023,May-23,2023,82.86,
06.05.2023,May-23,2023,#N/A,
07.05.2023,May-23,2023,#N/A,
08.05.2023,May-23,2023,83.28,
09.05.2023,May-23,2023,84.65,
10.05.2023,May-23,2023,87.31,
11.05.2023,May-23,2023,86.22,
12.05.2023,May-23,2023,86.31,
13.05.2023,May-23,2023,#N/A,
14.05.2023,May-23,2023,#N/A,
15.05.2023,May-23,2023,84.86,
16.05.2023,May-23,2023,86.47,
17.05.2023,May-23,2023,86.07,
18.05.2023,May-23,2023,87.73,
19.05.2023,May-23,2023,87.76,
20.05.2023,May-23,2023,#N/A,
21.05.2023,May-23,2023,#N/A,
22.05.2023,May-23,2023,85.65,
23.05.2023,May-23,2023,83.41,
24.05.2023,May-23,2023,83.05,
25.05.2023,May-23,2023,80.94,
26.05.2023,May-23,2023,80.29,
27.05.2023,May-23,2023,#N/A,
28.05.2023,May-23,2023,#N/A,
29.05.2023,May-23,2023,80.9,
30.05.2023,May-23,2023,78.61,
31.05.2023,May-23,2023,79.2,
01.06.2023,Jun-23,2023,76.98,
02.06.2023,Jun-23,2023,77.26,
03.06.2023,Jun-23,2023,#N/A,
04.06.2023,Jun-23,2023,#N/A,
05.06.2023,Jun-23,2023,80.76,
06.06.2023,Jun-23,2023,79.94,
07.06.2023,Jun-23,2023,81.81,
08.06.2023,Jun-23,2023,82.19,
09.06.2023,Jun-23,2023,84.93,
10.06.2023,Jun-23,2023,#N/A,
11.06.2023,Jun-23,2023,#N/A,
12.06.2023,Jun-23,2023,85.96,
13.06.2023,Jun-23,2023,88,
14.06.2023,Jun-23,2023,91.42,
15.06.2023,Jun-23,2023,91.33,
16.06.2023,Jun-23,2023,90.4,
17.06.2023,Jun-23,2023,#N/A,
18.06.2023,Jun-23,2023,#N/A,
19.06.2023,Jun-23,2023,90.16,
20.06.2023,Jun-23,2023,92.82,
21.06.2023,Jun-23,2023,88.55,
22.06.2023,Jun-23,2023,88.16,
23.06.2023,Jun-23,2023,85.89,
24.06.2023,Jun-23,2023,#N/A,
25.06.2023,Jun-23,2023,#N/A,
26.06.2023,Jun-23,2023,84.3,
27.06.2023,Jun-23,2023,86.87,
28.06.2023,Jun-23,2023,85.78,
29.06.2023,Jun-23,2023,85.94,
30.06.2023,Jun-23,2023,87.17,
01.07.2023,Jul-23,2023,#N/A,
02.07.2023,Jul-23,2023,#N/A,
03.07.2023,Jul-23,2023,85.47,
04.07.2023,Jul-23,2023,85.45,
05.07.2023,Jul-23,2023,84.08,
06.07.2023,Jul-23,2023,84.25,
07.07.2023,Jul-23,2023,84.44,
08.07.2023,Jul-23,2023,#N/A,
09.07.2023,Jul-23,2023,#N/A,
10.07.2023,Jul-23,2023,84.6,
11.07.2023,Jul-23,2023,85.07,
12.07.2023,Jul-23,2023,84.16,
13.07.2023,Jul-23,2023,84.19,
14.07.2023,Jul-23,2023,84.39,
15.07.2023,Jul-23,2023,#N/A,
16.07.2023,Jul-23,2023,#N/A,
17.07.2023,Jul-23,2023,84.87,
18.07.2023,Jul-23,2023,85.73,
19.07.2023,Jul-23,2023,87.56,
20.07.2023,Jul-23,2023,88.87,
21.07.2023,Jul-23,2023,89.74,
22.07.2023,Jul-23,2023,#N/A,
23.07.2023,Jul-23,2023,#N/A,
24.07.2023,Jul-23,2023,89.45,
25.07.2023,Jul-23,2023,90.25,
26.07.2023,Jul-23,2023,89.19,
27.07.2023,Jul-23,2023,89.45,
28.07.2023,Jul-23,2023,87.12,
29.07.2023,Jul-23,2023,#N/A,
30.07.2023,Jul-23,2023,#N/A,
31.07.2023,Jul-23,2023,85.16,
01.08.2023,Aug-23,2023,83.65,
02.08.2023,Aug-23,2023,82.06,
03.08.2023,Aug-23,2023,83.4,
04.08.2023,Aug-23,2023,82.28,
05.08.2023,Aug-23,2023,#N/A,
06.08.2023,Aug-23,2023,#N/A,
07.08.2023,Aug-23,2023,81.34,
08.08.2023,Aug-23,2023,83.02,
09.08.2023,Aug-23,2023,82.64,
10.08.2023,Aug-23,2023,83.61,
11.08.2023,Aug-23,2023,85.43,
12.08.2023,Aug-23,2023,#N/A,
13.08.2023,Aug-23,2023,#N/A,
14.08.2023,Aug-23,2023,86.43,
15.08.2023,Aug-23,2023,85.82,
16.08.2023,Aug-23,2023,87.15,
17.08.2023,Aug-23,2023,87.52,
18.08.2023,Aug-23,2023,86.72,
19.08.2023,Aug-23,2023,#N/A,
20.08.2023,Aug-23,2023,#N/A,
21.08.2023,Aug-23,2023,86.59,
22.08.2023,Aug-23,2023,88.58,
23.08.2023,Aug-23,2023,86.97,
24.08.2023,Aug-23,2023,84.63,
25.08.2023,Aug-23,2023,84.21,
26.08.2023,Aug-23,2023,#N/A,
27.08.2023,Aug-23,2023,#N/A,
28.08.2023,Aug-23,2023,84.53,
29.08.2023,Aug-23,2023,83.68,
30.08.2023,Aug-23,2023,85.11,
31.08.2023,Aug-23,2023,84.67,
01.09.2023,Sep-23,2023,84.19,
02.09.2023,Sep-23,2023,#N/A,
03.09.2023,Sep-23,2023,#N/A,
04.09.2023,Sep-23,2023,83.13,
05.09.2023,Sep-23,2023,82.82,
06.09.2023,Sep-23,2023,82.65,
07.09.2023,Sep-23,2023,81.95,
08.09.2023,Sep-23,2023,80.57,
09.09.2023,Sep-23,2023,#N/A,
10.09.2023,Sep-23,2023,#N/A,
11.09.2023,Sep-23,2023,80.69,
12.09.2023,Sep-23,2023,80.13,
13.09.2023,Sep-23,2023,82.04,
14.09.2023,Sep-23,2023,82.14,
15.09.2023,Sep-23,2023,81.34,
16.09.2023,Sep-23,2023,#N/A,
17.09.2023,Sep-23,2023,#N/A,
18.09.2023,Sep-23,2023,79.93,
19.09.2023,Sep-23,2023,80.32,
20.09.2023,Sep-23,2023,81.88,
21.09.2023,Sep-23,2023,83.19,
22.09.2023,Sep-23,2023,84.53,
23.09.2023,Sep-23,2023,#N/A,
24.09.2023,Sep-23,2023,#N/A,
25.09.2023,Sep-23,2023,84.37,
26.09.2023,Sep-23,2023,82.03,
27.09.2023,Sep-23,2023,81.44,
28.09.2023,Sep-23,2023,81.83,
29.09.2023,Sep-23,2023,80.84,
30.09.2023,Sep-23,2023,#N/A,
01.10.2023,Oct-23,2023,#N/A,
02/10/2023,Oct-23,2023,80.06,
03/10/2023,Oct-23,2023,78.95,
04/10/2023,Oct-23,2023,80.96,
05/10/2023,Oct-23,2023,79.81,
06/10/2023,Oct-23,2023,79.78,
09/10/2023,Oct-23,2023,81.1,
10/10/2023,Oct-23,2023,84.13,
11/10/2023,Oct-23,2023,83.43,
12/10/2023,Oct-23,2023,84.53,
13/10/2023,Oct-23,2023,85.26,
16/10/2023,Oct-23,2023,82.68,
17/10/2023,Oct-23,2023,81.92,
18/10/2023,Oct-23,2023,81.25,
19/10/2023,Oct-23,2023,81.18,
20/10/2023,Oct-23,2023,80.85,
23/10/2023,Oct-23,2023,79.96,
24/10/2023,Oct-23,2023,80.05,
25/10/2023,Oct-23,2023,79.4,
26/10/2023,Oct-23,2023,79.14,
27/10/2023,Oct-23,2023,78.84,
30/10/2023,Oct-23,2023,78.25,
31/10/2023,Oct-23,2023,78.59,
01/11/2023,Nov-23,2023,78.1,
02/11/2023,Nov-23,2023,78.2,
03/11/2023,Nov-23,2023,77.24,
06/11/2023,Nov-23,2023,75.46,
07/11/2023,Nov-23,2023,74.88,
08/11/2023,Nov-23,2023,75.33,
09/11/2023,Nov-23,2023,77.03,
10/11/2023,Nov-23,2023,78.33,
13/11/2023,Nov-23,2023,77.14,
14/11/2023,Nov-23,2023,78.29,
15/11/2023,Nov-23,2023,79.42,
16/11/2023,Nov-23,2023,76.73,
17/11/2023,Nov-23,2023,76.28,
20/11/2023,Nov-23,2023,76.35,
21/11/2023,Nov-23,2023,75.12,
22/11/2023,Nov-23,2023,74.96,
23/11/2023,Nov-23,2023,76.35,
24/11/2023,Nov-23,2023,76.37,
27/11/2023,Nov-23,2023,73.45,
28/11/2023,Nov-23,2023,72.78,
29/11/2023,Nov-23,2023,70.87,
30/11/2023,Nov-23,2023,70.69,
01/12/2023,Dec-23,2023,72.38,
04/12/2023,Dec-23,2023,70.26,
05/12/2023,Dec-23,2023,68.54,
06/12/2023,Dec-23,2023,68.73,
07/12/2023,Dec-23,2023,69.58,
08/12/2023,Dec-23,2023,68.56,
11/12/2023,Dec-23,2023,67.22,
12/12/2023,Dec-23,2023,68.15,
13/12/2023,Dec-23,2023,68.86,
14/12/2023,Dec-23,2023,66.76,
15/12/2023,Dec-23,2023,66.33,
18/12/2023,Dec-23,2023,69.08,
19/12/2023,Dec-23,2023,68.87,
20/12/2023,Dec-23,2023,72.57,
21/12/2023,Dec-23,2023,74.82,
22/12/2023,Dec-23,2023,76.13,
27/12/2023,Dec-23,2023,76.91,
28/12/2023,Dec-23,2023,77.13,
29/12/2023,Dec-23,2023,77.25,
02/01/2024,Jan-24,2024,73.17,
03/01/2024,Jan-24,2024,74.57,
04/01/2024,Jan-24,2024,73.05,
05/01/2024,Jan-24,2024,73.56,
08/01/2024,Jan-24,2024,69.74,
09/01/2024,Jan-24,2024,69.3,
10/01/2024,Jan-24,2024,67.39,
11/01/2024,Jan-24,2024,65.42,
12/01/2024,Jan-24,2024,63.44,
15/01/2024,Jan-24,2024,64.85,
16/01/2024,Jan-24,2024,63.24,
17/01/2024,Jan-24,2024,60.85,
18/01/2024,Jan-24,2024,60.7,
19/01/2024,Jan-24,2024,61.3,
22/01/2024,Jan-24,2024,59.79,
23/01/2024,Jan-24,2024,60.78,
24/01/2024,Jan-24,2024,63.48,
25/01/2024,Jan-24,2024,60.97,
26/01/2024,Jan-24,2024,61.36,
29/01/2024,Jan-24,2024,59.6,
30/01/2024,Jan-24,2024,61.33,
31/01/2024,Jan-24,2024,61.96,
01/02/2024,Feb-24,2024,60.07,
02/02/2024,Feb-24,2024,61.27,
05/02/2024,Feb-24,2024,60.55,
06/02/2024,Feb-24,2024,61.44,
07/02/2024,Feb-24,2024,60.3,
08/02/2024,Feb-24,2024,58.71,
09/02/2024,Feb-24,2024,56.79,
12/02/2024,Feb-24,2024,54.96,
13/02/2024,Feb-24,2024,54.53,
14/02/2024,Feb-24,2024,54.74,
15/02/2024,Feb-24,2024,55.98,
16/02/2024,Feb-24,2024,55.26,
19/02/2024,Feb-24,2024,51.76,
20/02/2024,Feb-24,2024,52.51,
21/02/2024,Feb-24,2024,52.76,
22/02/2024,Feb-24,2024,51.03,
23/02/2024,Feb-24,2024,50.5,
26/02/2024,Feb-24,2024,52.21,
27/02/2024,Feb-24,2024,53.9,
28/02/2024,Feb-24,2024,55.95,
29/02/2024,Feb-24,2024,54.16,
01/03/2024,Mar-24,2024,54.54,
04/03/2024,Mar-24,2024,55.2,
05/03/2024,Mar-24,2024,58.63,
06/03/2024,Mar-24,2024,57.36,
07/03/2024,Mar-24,2024,57.26,
08/03/2024,Mar-24,2024,56.53,
11/03/2024,Mar-24,2024,54.42,
12/03/2024,Mar-24,2024,54.75,
13/03/2024,Mar-24,2024,54.29,
14/03/2024,Mar-24,2024,56.67,
15/03/2024,Mar-24,2024,57.56,
18/03/2024,Mar-24,2024,59.56,
19/03/2024,Mar-24,2024,59,
20/03/2024,Mar-24,2024,58.8,
21/03/2024,Mar-24,2024,57.28,
22/03/2024,Mar-24,2024,59.66,
25/03/2024,Mar-24,2024,63.08,
26/03/2024,Mar-24,2024,60.4,
27/03/2024,Mar-24,2024,60.57,
28/03/2024,Mar-24,2024,59.98,
02/04/2024,Apr-24,2024,57.03,
03/04/2024,Apr-24,2024,55.76,
04/04/2024,Apr-24,2024,56.85,
05/04/2024,Apr-24,2024,58.84,
08/04/2024,Apr-24,2024,61.73,
09/04/2024,Apr-24,2024,62.28,
10/04/2024,Apr-24,2024,61.12,
11/04/2024,Apr-24,2024,66.14,
12/04/2024,Apr-24,2024,69.58,
15/04/2024,Apr-24,2024,68.63,
16/04/2024,Apr-24,2024,71.59,
17/04/2024,Apr-24,2024,68.08,
18/04/2024,Apr-24,2024,69.57,
19/04/2024,Apr-24,2024,66.94,
22/04/2024,Apr-24,2024,64.54,
23/04/2024,Apr-24,2024,63.91,
24/04/2024,Apr-24,2024,64.71,
25/04/2024,Apr-24,2024,66.56,
26/04/2024,Apr-24,2024,65.14,
29/04/2024,Apr-24,2024,63.79,
30/04/2024,Apr-24,2024,66.75,
02/05/2024,May-24,2024,70.64,
03/05/2024,May-24,2024,70.16,
06/05/2024,May-24,2024,71.32,
07/05/2024,May-24,2024,69.18,
08/05/2024,May-24,2024,69.89,
09/05/2024,May-24,2024,71.41,
10/05/2024,May-24,2024,70.09,
13/05/2024,May-24,2024,68.08,
14/05/2024,May-24,2024,68.47,
15/05/2024,May-24,2024,67.73,
16/05/2024,May-24,2024,68.37,
17/05/2024,May-24,2024,68.96,
20/05/2024,May-24,2024,72.4,
21/05/2024,May-24,2024,74.4,
22/05/2024,May-24,2024,74.34,
23/05/2024,May-24,2024,73.93,
24/05/2024,May-24,2024,73.76,
27/05/2024,May-24,2024,74.41,
28/05/2024,May-24,2024,72.8,
29/05/2024,May-24,2024,72.13,
30/05/2024,May-24,2024,73.74,
31/05/2024,May-24,2024,72.38,
03/06/2024,Jun-24,2024,72.86,
04/06/2024,Jun-24,2024,70.68,
05/06/2024,Jun-24,2024,70.2,
06/06/2024,Jun-24,2024,70.49,
07/06/2024,Jun-24,2024,69.79,
10/06/2024,Jun-24,2024,69.25,
11/06/2024,Jun-24,2024,69.09,
12/06/2024,Jun-24,2024,69.21,
13/06/2024,Jun-24,2024,69.19,
14/06/2024,Jun-24,2024,66.82,
17/06/2024,Jun-24,2024,66.54,
18/06/2024,Jun-24,2024,67.04,
19/06/2024,Jun-24,2024,68.83,
20/06/2024,Jun-24,2024,67.73,
21/06/2024,Jun-24,2024,66.71,
24/06/2024,Jun-24,2024,65.97,
25/06/2024,Jun-24,2024,66.55,
26/06/2024,Jun-24,2024,65.58,
27/06/2024,Jun-24,2024,65.33,
28/06/2024,Jun-24,2024,66.13,
01/07/2024,Jul-24,2024,66.72,
02/07/2024,Jul-24,2024,69.33,
03/07/2024,Jul-24,2024,69.42,
04/07/2024,Jul-24,2024,68.73,
05/07/2024,Jul-24,2024,69.03,
08/07/2024,Jul-24,2024,67.72,
09/07/2024,Jul-24,2024,67.3,
